id_node;id_station;name;id_entrance;side;side2;step1;step2;step3;step4;step5;step6;step7;step8;step9;step10;step11;step12;step13;step14;step15;step16;comments
1;212;Пятницкое шоссе;18840;Z;* Митино;19;5;10;12;19;13;;;;;;;;;;;
1;212;Пятницкое шоссе;18850;Z;* Митино;19;5;10;8;19;13;;;;;;;;;;;
1;212;Пятницкое шоссе;18860;Z;* Митино;19;5;11;12;19;13;;;;;;;;;;;
1;212;Пятницкое шоссе;18861;Z;* Митино;19;5;11;12;19;13;;;;;;;;;;;
1;212;Пятницкое шоссе;18871;A;# Митино;1;5;7;6;13;;;;;;;;;;;;
2;213;Митино;17440;A;* Пятницкое шоссе;19;5;10;7;15;3;13;;;;;;;;;;
2;213;Митино;17441;A;* Пятницкое шоссе;19;5;10;7;9;3;13;;;;;;;;;;
2;213;Митино;17450;A;* Пятницкое шоссе;19;5;11;7;19;13;;;;;;;;;;;
2;213;Митино;17460;Z;# Пятницкое шоссе;3;5;11;7;3;13;;;;;;;;;;;
2;213;Митино;17461;Z;# Пятницкое шоссе;3;5;11;8;3;13;;;;;;;;;;;
2;213;Митино;17470;A;* Пятницкое шоссе;19;5;11;8;3;13;;;;;;;;;;;
2;213;Митино;17480;Z;# Пятницкое шоссе;3;5;10;8;3;13;;;;;;;;;;;
2;213;Митино;17490;A;* Пятницкое шоссе;19;5;11;12;19;13;;;;;;;;;;;
2;213;Митино;17500;A;* Пятницкое шоссе;19;5;10;12;19;13;;;;;;;;;;;
2;213;Митино;17501;A;* Пятницкое шоссе;19;5;10;12;19;13;;;;;;;;;;;
3;214;Волоколамская;15801;A;* Митино;1;7;5;6;13;;;;;;;;;;;;
3;214;Волоколамская;15810;Z;# Митино;1;8;5;6;13;;;;;;;;;;;;
4;215;Мякинино;17530;Z;# Волоколамская;3;5;10;4;13;;;;;;;;;;;;
4;215;Мякинино;17531;Z;# Волоколамская;3;5;18;4;8;4;13;;;;;;;;;;
4;215;Мякинино;17532;A;* Волоколамская;3;5;3;6;9;6;13;;;;;;;;;;
5;211;Строгино;19260;A;* Мякинино;1;5;10;8;3;6;13;;;;;;;;;;
5;211;Строгино;19261;A;* Мякинино;1;5;10;7;3;6;13;;;;;;;;;;
5;211;Строгино;19270;A;* Мякинино;1;5;11;7;3;6;13;;;;;;;;;;
5;211;Строгино;19271;A;* Мякинино;1;5;11;8;3;6;13;;;;;;;;;;
5;211;Строгино;19280;Z;# Мякинино;19;5;11;7;3;6;13;;;;;;;;;;
5;211;Строгино;19281;Z;# Мякинино;19;5;11;8;3;6;13;;;;;;;;;;
5;211;Строгино;19290;Z;# Мякинино;19;5;10;8;3;6;13;;;;;;;;;;
5;211;Строгино;19291;Z;# Мякинино;19;5;10;7;3;6;13;;;;;;;;;;
6;66;Крылатское;16830;A;* Строгино;1;5;10;7;3;13;;;;;;;;;;;
6;66;Крылатское;16840;Z;# Строгино;1;5;11;7;3;13;;;;;;;;;;;
6;66;Крылатское;16850;Z;# Строгино;1;5;10;7;3;13;;;;;;;;;;;
6;66;Крылатское;16860;A;* Строгино;1;5;11;7;3;13;;;;;;;;;;;
6;66;Крылатское;16870;A;* Строгино;1;5;10;8;3;13;;;;;;;;;;;
6;66;Крылатское;16880;A;* Строгино;1;5;11;8;3;13;;;;;;;;;;;
6;66;Крылатское;16890;Z;# Строгино;1;5;10;8;3;13;;;;;;;;;;;
6;66;Крылатское;16900;Z;# Строгино;1;5;11;8;3;13;;;;;;;;;;;
7;65;Молодежная;17511;A;* Крылатское;1;7;5;6;13;;;;;;;;;;;;
7;65;Молодежная;17521;Z;# Крылатское;1;8;5;6;13;;;;;;;;;;;;
8;64;Кунцевская;16981;Z;* Пионерская;8;3;8;5;6;13;;;;;;;;;;;
8;64;Кунцевская;16991;A;# Пионерская;7;3;8;5;6;13;;;;;;;;;;;
8;210;Кунцевская;16961;Z;* Славянский бульвар;7;6;3;7;5;6;13;;;;;;;;;;от ст. Молодежная - сначала перейти на соседнюю платформу
8;210;Кунцевская;16971;A;# Славянский бульвар;8;6;3;7;5;6;13;;;;;;;;;;от ст. Молодежная - сначала перейти на соседнюю платформу
9;216;Славянский бульвар;19080;A;* Кунцевская;1;5;6;8;3;6;13;;;;;;;;;;
9;216;Славянский бульвар;19090;Z;# Кунцевская;19;5;11;7;19;13;;;;;;;;;;;
9;216;Славянский бульвар;19100;Z;# Кунцевская;19;5;10;7;3;6;8;3;13;;;;;;;;
9;216;Славянский бульвар;19110;Z;# Кунцевская;19;5;10;7;3;6;9;3;6;13;;;;;;;
10;165;Парк победы;18100;A;# Киевская;1;5;6;3;11;3;13;;;;;;;;;;от ст. Славянский бульвар - сначала перейти на соседнюю платформу
10;165;Парк победы;18110;A;# Киевская;1;5;6;3;18;12;7;3;13;;;;;;;;от ст. Славянский бульвар - сначала перейти на соседнюю платформу
10;165;Парк победы;18120;A;# Киевская;1;5;6;3;18;15;3;13;;;;;;;;;от ст. Славянский бульвар - сначала перейти на соседнюю платформу
10;165;Парк победы;18130;A;# Киевская;1;5;6;3;18;12;8;3;13;;;;;;;;от ст. Славянский бульвар - сначала перейти на соседнюю платформу
10;165;Парк победы;18140;A;# Киевская;1;5;6;3;10;3;13;;;;;;;;;;от ст. Славянский бульвар - сначала перейти на соседнюю платформу
10;233;Парк победы;18102;# Деловой центр;;1;5;6;3;11;3;13;;;;;;;;;;
10;233;Парк победы;18112;# Деловой центр;;1;5;6;3;18;12;7;3;13;;;;;;;;
10;233;Парк победы;18122;# Деловой центр;;1;5;6;3;18;15;3;13;;;;;;;;;
10;233;Парк победы;18132;# Деловой центр;;1;5;6;3;18;12;8;3;13;;;;;;;;
10;233;Парк победы;18142;# Деловой центр;;1;5;6;3;10;3;13;;;;;;;;;;
11;42;Киевская;16280;# Смоленская;* Парк победы;3;7;1;7;4;9;5;18;3;7;4;13;;;;;
11;42;Киевская;16283;# Смоленская;* Парк победы;3;7;1;7;4;9;5;18;3;5;13;;;;;;
11;42;Киевская;16286;# Смоленская;* Парк победы;3;7;1;7;4;9;5;11;3;13;;;;;;;
11;42;Киевская;16290;# Смоленская;* Парк победы;3;7;1;7;7;5;6;13;;;;;;;;;
11;57;Киевская;16281;# Смоленская;* Студенческая, Выставочная;3;8;3;7;5;18;3;7;4;13;;;;;;;
11;57;Киевская;16284;# Смоленская;* Студенческая, Выставочная;3;8;3;7;5;18;3;5;13;;;;;;;;
11;57;Киевская;16287;# Смоленская;* Студенческая, Выставочная;3;8;3;7;5;11;3;13;;;;;;;;;
11;57;Киевская;16291;# Смоленская;* Студенческая, Выставочная;3;8;3;8;3;8;5;6;13;;;;;;;;
11;57;Киевская;16300;# Студенческая, Выставочная;* Смоленская;3;8;3;7;5;18;7;3;13;;;;;;;;
11;57;Киевская;16310;# Студенческая, Выставочная;* Смоленская;3;8;3;7;5;18;14;3;13;;;;;;;;
11;57;Киевская;16320;# Студенческая, Выставочная;* Смоленская;3;8;3;7;5;18;12;3;13;;;;;;;;
11;57;Киевская;16330;# Студенческая, Выставочная;* Смоленская;3;8;3;7;5;10;3;6;13;;;;;;;;
11;77;Киевская;16282;# Краснопресненская;* Парк культуры;1;1;7;4;9;5;18;3;7;4;13;;;;;;
11;77;Киевская;16285;# Краснопресненская;* Парк культуры;1;1;7;4;9;5;18;3;5;13;;;;;;;
11;77;Киевская;16288;# Краснопресненская;* Парк культуры;1;1;7;4;9;5;11;3;13;;;;;;;;
11;77;Киевская;16292;# Краснопресненская;* Парк культуры;1;1;7;7;5;6;13;;;;;;;;;;
11;77;Киевская;16301;# Парк культуры;* Краснопресненская;3;1;8;5;18;7;3;13;;;;;;;;;
11;77;Киевская;16311;# Парк культуры;* Краснопресненская;3;1;8;5;18;14;3;13;;;;;;;;;
11;77;Киевская;16321;# Парк культуры;* Краснопресненская;3;1;8;5;18;12;3;13;;;;;;;;;
11;77;Киевская;16331;# Парк культуры;* Краснопресненская;3;1;8;5;10;3;6;13;;;;;;;;;
12;43;Смоленская;19131;# Киевская;* Арбатская;1;8;6;13;;;;;;;;;;;;;
13;11;Библиотека им. Ленина;14965;* Охотный ряд;# Кропоткинская;3;8;8;3;5;6;9;8;3;13;;;;;;;
13;11;Библиотека им. Ленина;14975;* Охотный ряд;# Кропоткинская;3;8;8;3;5;6;8;3;13;;;;;;;;
13;11;Библиотека им. Ленина;14976;* Кропоткинская;# Охотный ряд;3;7;1;8;5;6;13;;;;;;;;;;
13;11;Библиотека им. Ленина;14985;* Охотный ряд;# Кропоткинская;3;8;8;3;5;6;9;7;4;9;4;9;4;13;;;
13;11;Библиотека им. Ленина;15352;* Охотный ряд;# Кропоткинская;3;8;9;8;3;5;7;3;6;13;;;;;;;
13;11;Библиотека им. Ленина;15358;* Охотный ряд;# Кропоткинская;3;8;8;3;5;6;9;7;4;9;4;7;3;13;;;
13;11;Библиотека им. Ленина;15365;* Охотный ряд;# Кропоткинская;3;8;8;3;6;9;3;7;3;13;;;;;;;
13;11;Библиотека им. Ленина;20615;* Охотный ряд;# Кропоткинская;3;8;8;3;5;6;9;7;4;8;3;13;;;;;
13;44;Арбатская;14963;* Площадь революции;# Смоленская;1;9;14;3;5;6;9;8;3;13;;;;;;;
13;44;Арбатская;14973;* Площадь революции;# Смоленская;1;9;14;3;5;6;8;3;13;;;;;;;;
13;44;Арбатская;14983;* Площадь революции;# Смоленская;1;9;14;3;5;6;9;7;4;9;4;9;4;13;;;
13;44;Арбатская;15080;* Смоленская;# Площадь революции;1;5;7;6;13;;;;;;;;;;;;
13;44;Арбатская;15351;* Площадь революции;# Смоленская;1;7;3;5;7;3;6;13;;;;;;;;;
13;44;Арбатская;15356;* Площадь революции;# Смоленская;1;9;14;3;5;6;9;7;4;9;4;7;3;13;;;
13;44;Арбатская;15363;* Площадь революции;# Смоленская;1;9;14;3;6;9;3;7;3;13;;;;;;;
13;44;Арбатская;20613;* Площадь революции;# Смоленская;1;9;14;3;5;6;9;7;4;8;3;13;;;;;
13;54;Александровский сад;14961;# Арбатская;;4;12;8;7;3;5;6;9;8;3;13;;;;;;
13;54;Александровский сад;14971;# Арбатская;;4;12;8;7;3;5;6;8;3;13;;;;;;;
13;54;Александровский сад;14981;# Арбатская;;4;12;8;7;3;5;6;9;7;4;9;4;9;4;13;;
13;54;Александровский сад;15350;M;;3;9;5;7;3;6;13;;;;;;;;;;
13;54;Александровский сад;15354;# Арбатская;;4;12;8;7;3;5;6;9;7;4;9;4;7;3;13;;
13;54;Александровский сад;15361;# Арбатская;;4;12;8;7;3;6;9;3;7;3;13;;;;;;
13;54;Александровский сад;20611;# Арбатская;;4;12;8;7;3;5;6;9;7;4;8;3;13;;;;
13;140;Боровицкая;14977;* Полянка;# Чеховская;3;1;9;8;1;8;5;6;13;;;;;;;;
14;10;Охотный ряд;17990;* Библиотека им. Ленина;# Лубянка;1;7;6;9;8;3;11;12;7;3;13;;;;;;
14;10;Охотный ряд;18000;* Библиотека им. Ленина;# Лубянка;1;7;6;9;8;3;11;12;8;3;13;;;;;;
14;10;Охотный ряд;18010;* Библиотека им. Ленина;# Лубянка;1;7;6;9;8;3;10;12;8;3;13;;;;;;
14;10;Охотный ряд;18020;* Библиотека им. Ленина;# Лубянка;1;7;6;9;8;3;10;12;7;3;13;;;;;;
14;10;Охотный ряд;18030;* Библиотека им. Ленина;# Лубянка;1;7;6;9;8;3;10;7;6;4;9;3;8;7;3;13;
14;10;Охотный ряд;18040;* Библиотека им. Ленина;# Лубянка;1;7;6;9;8;3;10;7;6;4;9;3;12;3;13;;
14;10;Охотный ряд;18050;* Библиотека им. Ленина;# Лубянка;1;7;6;9;8;3;10;7;6;4;9;3;8;8;3;13;
14;10;Охотный ряд;18052;* Библиотека им. Ленина;# Лубянка;1;8;7;4;6;13;;;;;;;;;;;
14;10;Охотный ряд;19483;* Лубянка;# Библиотека им. Ленина;1;5;8;3;8;3;8;3;6;13;;;;;;;
14;10;Охотный ряд;19487;* Лубянка;# Библиотека им. Ленина;1;5;8;3;8;3;7;3;6;13;;;;;;;
14;32;Театральная;18360;* Новокузнецкая;# Тверская;1;8;5;6;13;;;;;;;;;;;;
14;32;Театральная;19482;* Тверская;# Новокузнецкая;1;8;5;9;3;8;3;8;3;6;13;;;;;;
14;32;Театральная;19486;* Тверская;# Новокузнецкая;1;8;5;9;3;8;3;7;3;6;13;;;;;;
14;45;Площадь революции;18361;* Арбатская;# Курская;1;7;5;6;13;;;;;;;;;;;;
14;45;Площадь революции;18370;* Курская;# Арбатская;1;7;5;6;13;;;;;;;;;;;;
15;46;Курская;17000;# Площадь революции;* Бауманская;1;8;5;1;8;6;13;;;;;;;;;;
15;46;Курская;17010;# Площадь революции;* Бауманская;1;7;8;5;7;3;6;13;;;;;;;;;
15;46;Курская;17012;# Площадь революции;* Бауманская;1;7;3;5;6;13;;;;;;;;;;;
15;46;Курская;17014;# Площадь революции;* Бауманская;1;7;8;5;9;3;6;3;13;;;;;;;;
15;46;Курская;17020;# Площадь революции;* Бауманская;1;7;8;5;9;3;6;9;15;12;13;;;;;;
15;71;Курская;17001;# Таганская;* Комсомольская;1;15;5;1;8;6;13;;;;;;;;;;
15;71;Курская;17011;# Таганская;* Комсомольская;1;7;5;7;3;6;13;;;;;;;;;;
15;71;Курская;17013;# Таганская;* Комсомольская;1;8;3;5;6;13;;;;;;;;;;;
15;71;Курская;17015;# Таганская;* Комсомольская;1;7;5;9;3;6;3;13;;;;;;;;;
15;71;Курская;17021;# Таганская;* Комсомольская;1;7;5;9;3;6;9;15;12;13;;;;;;;
15;71;Курская;17031;# Комсомольская;* Таганская;1;7;5;7;6;20;13;;;;;;;;;;
15;71;Курская;17033;# Комсомольская;* Таганская;1;7;5;8;3;6;3;13;;;;;;;;;
15;151;Чкаловская;17035;# Римская;* Сретенский бульвар;1;8;5;7;6;20;13;;;;;;;;;;
15;151;Чкаловская;17037;# Римская;* Сретенский бульвар;1;8;5;8;3;6;3;13;;;;;;;;;
16;47;Бауманская;15200;Z;# Электрозаводская;1;8;6;13;;;;;;;;;;;;;
17;48;Электрозаводская;20350;A;* Семеновская;1;7;6;13;;;;;;;;;;;;;
18;49;Семеновская;19050;Z;# Партизанская;1;5;6;13;;;;;;;;;;;;;
19;50;Партизанская;18151;Z;# Измайловская;3;5;8;3;6;13;;;;;;;;;;;
20;51;Измайловская;16060;Z;# Первомайская;6;4;5;11;8;3;13;;;;;;;;;;
20;51;Измайловская;16061;Z;# Первомайская;6;4;5;11;7;3;13;;;;;;;;;;
20;51;Измайловская;16062;Z;# Первомайская;6;4;5;10;8;3;13;;;;;;;;;;
20;51;Измайловская;16063;Z;# Первомайская;6;4;5;10;7;3;13;;;;;;;;;;
20;51;Измайловская;16070;A;* Первомайская;6;3;5;10;4;13;;;;;;;;;;;
20;51;Измайловская;16071;A;* Первомайская;6;3;5;11;7;4;13;;;;;;;;;;
20;51;Измайловская;16072;A;* Первомайская;6;3;5;11;8;4;13;;;;;;;;;;
21;52;Первомайская;18160;A;* Щелковская;3;5;10;7;3;13;;;;;;;;;;;
21;52;Первомайская;18170;Z;# Щелковская;3;5;11;8;3;13;;;;;;;;;;;
21;52;Первомайская;18180;A;* Щелковская;3;5;11;8;3;13;;;;;;;;;;;
21;52;Первомайская;18190;Z;# Щелковская;3;5;10;7;3;13;;;;;;;;;;;
22;53;Щелковская;20250;Z;* Первомайская;3;8;5;11;3;13;;;;;;;;;;;
22;53;Щелковская;20260;Z;* Первомайская;3;8;5;10;3;13;;;;;;;;;;;
22;53;Щелковская;20270;A;# Первомайская;3;5;11;8;3;13;;;;;;;;;;;
22;53;Щелковская;20280;Z;* Первомайская;3;7;5;10;3;13;;;;;;;;;;;
22;53;Щелковская;20290;Z;* Первомайская;3;7;5;11;3;13;;;;;;;;;;;
22;53;Щелковская;20300;A;# Первомайская;3;5;10;7;3;13;;;;;;;;;;;
23;63;Пионерская;18310;A;* Кунцевская;3;8;5;6;13;;;;;;;;;;;;
23;63;Пионерская;18320;Z;# Кунцевская;3;8;5;6;13;;;;;;;;;;;;
24;62;Филевский парк;19971;Z;# Пионерская;3;8;5;6;13;;;;;;;;;;;;
24;62;Филевский парк;19981;A;* Пионерская;3;8;5;6;13;;;;;;;;;;;;
25;61;Багратионовская;15171;A;* Филевский парк;3;8;5;6;13;;;;;;;;;;;;
25;61;Багратионовская;15181;Z;# Филевский парк ;3;8;5;6;13;;;;;;;;;;;;
26;60;Фили;19991;A;* Багратионовская;3;8;5;6;13;;;;;;;;;;;;
26;60;Фили;19992;A;* Багратионовская;3;7;5;6;13;;;;;;;;;;;;
26;60;Фили;20001;Z;# Багратионовская;3;7;5;6;13;;;;;;;;;;;;
26;60;Фили;20002;Z;# Багратионовская;3;8;5;6;13;;;;;;;;;;;;
27;59;Кутузовская;17041;Z;# Фили;3;8;5;6;13;;;;;;;;;;;;
27;59;Кутузовская;17051;A;* Фили;3;7;5;6;13;;;;;;;;;;;;
28;58;Студенческая;19301;M;;3;5;6;13;;;;;;;;;;;;;
28;58;Студенческая;19302;M;;3;5;6;13;;;;;;;;;;;;;
29;56;Смоленская;19121;* Киевская;# Арбатская;3;5;3;8;6;13;;;;;;;;;;;
30;55;Арбатская;15090;* Александровский сад;# Смоленская;3;5;7;3;13;;;;;;;;;;;;
31;189;Международная;17400;A;# Выставочная;1;5;8;13;;;;;;;;;;;;;
32;188;Выставочная;15860;A;* Международная;1;8;5;1;6;9;6;4;13;;;;;;;;
32;188;Выставочная;15870;Z;# Международная;1;8;5;6;8;5;6;1;9;1;8;6;13;;;;
32;188;Выставочная;15872;Z;# Международная;1;8;5;6;8;5;6;1;9;1;7;6;13;;;;
32;188;Выставочная;15875;Z;# Международная;1;8;5;6;8;5;6;1;9;1;9;1;13;;;;
32;230;Деловой центр;15862;# Парк победы;;1;5;1;6;9;6;4;13;;;;;;;;;
32;230;Деловой центр;15863;* Парк победы;;1;5;4;11;1;6;8;6;13;;;;;;;;
33;164;Бульвар Дмитрия Донского;15510;Z;* Аннино;3;5;10;12;8;3;13;;;;;;;;;;
33;164;Бульвар Дмитрия Донского;15512;Z;* Аннино;3;5;10;12;7;3;13;;;;;;;;;;
33;164;Бульвар Дмитрия Донского;15520;Z;* Аннино;3;5;11;12;7;3;13;;;;;;;;;;
33;164;Бульвар Дмитрия Донского;15522;Z;* Аннино;3;5;11;12;8;3;13;;;;;;;;;;
33;164;Бульвар Дмитрия Донского;15524;Z;* Аннино;3;5;10;8;3;13;;;;;;;;;;;
33;164;Бульвар Дмитрия Донского;19940;A;# Аннино;3;5;11;12;7;3;13;;;;;;;;;;
33;164;Бульвар Дмитрия Донского;19941;A;# Аннино;3;5;11;12;8;3;13;;;;;;;;;;
33;164;Бульвар Дмитрия Донского;19942;A;# Аннино;3;5;10;12;8;3;13;;;;;;;;;;
33;164;Бульвар Дмитрия Донского;19943;A;# Аннино;3;5;10;12;7;3;13;;;;;;;;;;
33;164;Бульвар Дмитрия Донского;19944;A;# Аннино;3;5;11;7;3;13;;;;;;;;;;;
33;191;Улица Старокачаловская;15511;# Улица Скобелевская;* Лесопарковая;3;9;5;10;12;8;3;13;;;;;;;;;
33;191;Улица Старокачаловская;15513;# Улица Скобелевская;* Лесопарковая;3;9;5;10;12;7;3;13;;;;;;;;;
33;191;Улица Старокачаловская;15521;# Улица Скобелевская;* Лесопарковая;3;9;5;11;12;7;3;13;;;;;;;;;
33;191;Улица Старокачаловская;15523;# Улица Скобелевская;* Лесопарковая;3;9;5;11;12;8;3;13;;;;;;;;;
33;191;Улица Старокачаловская;15525;# Улица Скобелевская;* Лесопарковая;3;9;5;10;8;3;13;;;;;;;;;;
33;191;Улица Старокачаловская;19945;# Лесопарковая;* Улица Скобелевская;3;5;11;12;7;3;13;;;;;;;;;;
33;191;Улица Старокачаловская;19946;# Лесопарковая;* Улица Скобелевская;3;5;11;12;8;3;13;;;;;;;;;;
33;191;Улица Старокачаловская;19947;# Лесопарковая;* Улица Скобелевская;3;5;10;12;8;3;13;;;;;;;;;;
33;191;Улица Старокачаловская;19948;# Лесопарковая;* Улица Скобелевская;3;5;10;12;7;3;13;;;;;;;;;;
33;191;Улица Старокачаловская;19949;# Лесопарковая;* Улица Скобелевская;3;5;11;7;3;13;;;;;;;;;;;
34;192;Улица Скобелевская;19930;A;* Бульвар Адмирала Ушакова;2;5;6;13;;;;;;;;;;;;;
34;192;Улица Скобелевская;20590;Z;# Бульвар Адмирала Ушакова;2;5;6;13;;;;;;;;;;;;;
35;193;Бульвар Адмирала Ушакова;15500;A;* Улица Горчакова;2;5;6;13;;;;;;;;;;;;;
36;194;Улица Горчакова;19740;Z;# Бунинская аллея;2;5;6;13;;;;;;;;;;;;;
37;195;Бунинская аллея;20620;A;# Улица Горчакова;2;5;6;13;;;;;;;;;;;;;
38;41;Речной вокзал;18881;A;# Водный стадион;1;7;5;6;13;;;;;;;;;;;;
38;41;Речной вокзал;18891;Z;* Водный стадион;1;8;5;6;13;;;;;;;;;;;;
39;40;Водный стадион;15651;A;* Речной вокзал;1;7;5;6;13;;;;;;;;;;;;
39;40;Водный стадион;15661;Z;# Речной вокзал;1;8;5;6;13;;;;;;;;;;;;
40;39;Войковская;15670;Z;# Водный стадион;3;5;11;7;3;13;;;;;;;;;;;
40;39;Войковская;15680;A;* Водный стадион;3;5;10;7;3;13;;;;;;;;;;;
40;39;Войковская;15690;A;* Водный стадион;3;5;11;3;13;;;;;;;;;;;;
40;39;Войковская;15700;A;* Водный стадион;3;5;10;8;3;13;;;;;;;;;;;
40;39;Войковская;15710;Z;# Водный стадион;3;5;11;8;3;13;;;;;;;;;;;
40;39;Войковская;15720;Z;# Водный стадион;3;5;10;8;3;13;;;;;;;;;;;
40;39;Войковская;15730;Z;# Водный стадион;3;5;10;7;3;13;;;;;;;;;;;
41;38;Сокол;19141;A;* Войковская;3;7;5;3;8;3;8;3;6;13;;;;;;;
41;38;Сокол;19151;A;* Войковская;3;8;5;3;7;3;6;13;;;;;;;;;
41;38;Сокол;19152;A;* Войковская;3;8;5;3;9;6;13;;;;;;;;;;
41;38;Сокол;19160;Z;# Войковская;5;3;11;7;3;13;;;;;;;;;;;
41;38;Сокол;19170;Z;# Войковская;5;3;10;8;3;13;;;;;;;;;;;
41;38;Сокол;19180;Z;# Войковская;5;3;10;7;3;13;;;;;;;;;;;
41;38;Сокол;19190;Z;# Войковская;5;3;11;8;3;13;;;;;;;;;;;
42;37;Аэропорт;15100;A;* Сокол;3;8;1;10;7;3;13;;;;;;;;;;
42;37;Аэропорт;15110;A;* Сокол;3;8;1;11;3;13;;;;;;;;;;;
42;37;Аэропорт;15120;Z;# Сокол;3;8;3;8;3;6;13;;;;;;;;;;
42;37;Аэропорт;15130;A;* Сокол;3;7;3;7;3;6;13;;;;;;;;;;
43;36;Динамо;15911;A;* Аэропорт;1;7;6;13;;;;;;;;;;;;;
43;36;Динамо;15921;Z;# Аэропорт;1;7;6;13;;;;;;;;;;;;;
44;35;Белорусская;15261;# Маяковская;* Динамо;1;7;6;13;;;;;;;;;;;;;
44;67;Белорусская;15251;# Новослободская;* Краснопресненская;1;8;6;13;;;;;;;;;;;;;
44;67;Белорусская;15270;* Новослободская;# Краснопресненская;3;1;5;10;3;8;3;6;13;;;;;;;;
44;67;Белорусская;15271;* Новослободская;# Краснопресненская;3;1;5;10;3;7;3;6;13;;;;;;;;
45;34;Маяковская;17360;# Тверская;* Белорусская;2;7;1;7;5;3;8;3;6;13;;;;;;;
45;34;Маяковская;17370;# Белорусская;* Тверская;1;7;3;7;3;6;13;;;;;;;;;;
45;34;Маяковская;17372;# Белорусская;* Тверская;1;8;3;8;6;13;;;;;;;;;;;
46;33;Тверская;18810;* Белорусская;# Театральная;1;8;3;10;12;8;8;7;3;13;;;;;;;
46;33;Тверская;18812;* Белорусская;# Театральная;1;8;3;10;12;8;8;8;3;13;;;;;;;
46;33;Тверская;18814;* Белорусская;# Театральная;1;8;3;10;12;8;7;6;13;;;;;;;;
46;33;Тверская;18830;* Белорусская;# Театральная;1;8;3;10;8;3;13;;;;;;;;;;
46;33;Тверская;18832;* Белорусская;# Театральная;1;8;3;10;15;3;13;;;;;;;;;;
46;33;Тверская;19461;* Белорусская;# Театральная;1;8;3;18;12;8;3;13;;;;;;;;;
46;33;Тверская;19463;* Белорусская;# Театральная;1;8;3;18;12;7;3;13;;;;;;;;;
46;33;Тверская;19471;* Белорусская;# Театральная;1;8;3;10;12;7;9;3;7;3;13;;;;;;
46;33;Тверская;19473;* Белорусская;# Театральная;1;8;3;10;12;7;8;3;8;3;13;;;;;;
46;33;Тверская;19475;* Белорусская;# Театральная;1;8;3;11;3;13;;;;;;;;;;;
46;33;Тверская;20600;* Белорусская;# Театральная;1;7;1;8;13;;;;;;;;;;;;
46;119;Пушкинская;18811;* Баррикадная;# Кузнецкий мост;1;8;3;10;12;8;8;7;3;13;;;;;;;
46;119;Пушкинская;18813;* Баррикадная;# Кузнецкий мост;1;8;3;10;12;8;8;8;3;13;;;;;;;
46;119;Пушкинская;18815;* Баррикадная;# Кузнецкий мост;1;8;3;10;12;8;7;6;13;;;;;;;;
46;119;Пушкинская;18831;* Баррикадная;# Кузнецкий мост;1;8;3;10;8;3;13;;;;;;;;;;
46;119;Пушкинская;18833;* Баррикадная;# Кузнецкий мост;1;8;3;10;15;3;13;;;;;;;;;;
46;119;Пушкинская;19460;* Баррикадная;# Кузнецкий мост;1;8;3;18;12;8;3;13;;;;;;;;;
46;119;Пушкинская;19462;* Баррикадная;# Кузнецкий мост;1;8;3;18;12;7;3;13;;;;;;;;;
46;119;Пушкинская;19470;* Баррикадная;# Кузнецкий мост;1;8;3;10;12;7;9;3;7;3;13;;;;;;
46;119;Пушкинская;19472;* Баррикадная;# Кузнецкий мост;1;8;3;10;12;7;8;3;8;3;13;;;;;;
46;119;Пушкинская;19474;* Баррикадная;# Кузнецкий мост;1;8;3;11;3;13;;;;;;;;;;;
46;119;Пушкинская;20140;* Кузнецкий мост;# Баррикадная;3;8;1;5;1;11;8;3;13;;;;;;;;
46;119;Пушкинская;20150;* Кузнецкий мост;# Баррикадная;3;8;1;5;1;11;7;3;13;;;;;;;;
46;119;Пушкинская;20161;* Кузнецкий мост;# Баррикадная;3;8;1;5;1;10;8;3;13;;;;;;;;
46;119;Пушкинская;20163;* Кузнецкий мост;# Баррикадная;3;8;1;5;1;10;7;3;13;;;;;;;;
46;119;Пушкинская;20601;* Баррикадная;# Кузнецкий мост;1;9;1;8;13;;;;;;;;;;;;
46;139;Чеховская;20141;* Цветной бульвар;# Боровицкая;3;1;5;1;11;8;3;13;;;;;;;;;
46;139;Чеховская;20151;* Цветной бульвар;# Боровицкая;3;1;5;1;11;7;3;13;;;;;;;;;
46;139;Чеховская;20160;* Цветной бульвар;# Боровицкая;3;1;5;1;10;8;3;13;;;;;;;;;
46;139;Чеховская;20162;* Цветной бульвар;# Боровицкая;3;1;5;1;10;7;3;13;;;;;;;;;
47;31;Новокузнецкая;17740;# Павелецкая;* Театральная;1;8;6;13;;;;;;;;;;;;;
47;85;Третьяковская;19641;# Марксистская;;1;5;10;8;3;13;;;;;;;;;;;
47;97;Третьяковская;19640;# Китай-город;* Октябрьская;1;5;10;8;3;13;;;;;;;;;;;
48;30;Павелецкая;18061;# Автозаводская;* Павелецкая;1;7;5;6;13;;;;;;;;;;;;
48;30;Павелецкая;18062;# Автозаводская;* Павелецкая;1;8;5;6;13;;;;;;;;;;;;
48;30;Павелецкая;18070;* Автозаводская;# Павелецкая;1;8;5;6;13;;;;;;;;;;;;
48;30;Павелецкая;18072;* Автозаводская;# Павелецкая;1;9;5;6;3;6;13;;;;;;;;;;
48;73;Павелецкая;18064;# Таганская;* Добрынинская;1;8;5;6;13;;;;;;;;;;;;
48;73;Павелецкая;18065;# Таганская;* Добрынинская;1;7;5;6;13;;;;;;;;;;;;
49;29;Автозаводская;14890;A;* Коломенская;1;7;5;7;6;13;;;;;;;;;;;
49;29;Автозаводская;14900;Z;# Коломенская;1;5;10;7;3;13;;;;;;;;;;;
49;29;Автозаводская;14910;Z;# Коломенская;1;5;11;3;13;;;;;;;;;;;;
50;28;Коломенская;16480;A;* Каширская;3;5;11;8;3;13;;;;;;;;;;;
50;28;Коломенская;16490;A;* Каширская;3;5;11;7;3;13;;;;;;;;;;;
50;28;Коломенская;16500;Z;# Каширская;3;5;10;8;3;13;;;;;;;;;;;
50;28;Коломенская;16510;A;* Каширская;3;5;10;7;3;13;;;;;;;;;;;
50;28;Коломенская;16520;A;* Каширская;3;5;10;8;3;13;;;;;;;;;;;
50;28;Коломенская;16530;Z;# Каширская;3;5;11;8;3;13;;;;;;;;;;;
50;28;Коломенская;16540;Z;# Каширская;3;5;11;7;3;13;;;;;;;;;;;
50;28;Коломенская;16550;Z;# Каширская;3;5;10;7;3;13;;;;;;;;;;;
51;25;Каширская;16263;* Варшавская;;1;5;8;6;13;;;;;;;;;;;;
51;25;Каширская;16265;# Варшавская;;1;5;7;6;13;;;;;;;;;;;;
51;25;Каширская;16274;* Варшавская;;3;7;8;3;5;7;6;13;;;;;;;;;
51;25;Каширская;16275;# Варшавская;;3;8;7;3;5;8;6;13;;;;;;;;;
51;226;Каширская;16261;* Кантемировская;;1;5;8;6;13;;;;;;;;;;;;от ст. Коломенская - сначала перейти на соседнюю платформу
51;226;Каширская;16271;# Кантемировская;;1;5;7;6;13;;;;;;;;;;;;от ст. Коломенская - сначала перейти на соседнюю платформу
51;226;Каширская;16272;A;;1;5;7;6;13;;;;;;;;;;;;от ст. Кантемировская - сначала перейти на соседнюю платформу
51;226;Каширская;16273;Z;;1;5;8;6;13;;;;;;;;;;;;от ст. Кантемировская - сначала перейти на соседнюю платформу
52;24;Кантемировская;16140;Z;# Царицыно;3;5;11;8;3;13;;;;;;;;;;;
52;24;Кантемировская;16150;A;* Царицыно;3;5;11;8;3;13;;;;;;;;;;;
52;24;Кантемировская;16160;A;* Царицыно;3;5;10;8;3;13;;;;;;;;;;;
52;24;Кантемировская;16161;A;* Царицыно;3;5;10;7;3;13;;;;;;;;;;;
52;24;Кантемировская;16170;Z;# Царицыно;3;5;10;7;3;13;;;;;;;;;;;
52;24;Кантемировская;16171;Z;# Царицыно;3;5;10;8;3;13;;;;;;;;;;;
53;23;Царицыно;20020;Z;# Орехово;1;5;10;8;3;13;;;;;;;;;;;
53;23;Царицыно;20030;Z;# Орехово;1;5;11;8;3;13;;;;;;;;;;;
53;23;Царицыно;20040;Z;# Орехово;1;5;11;7;3;13;;;;;;;;;;;
53;23;Царицыно;20050;A;* Орехово;1;5;11;7;3;13;;;;;;;;;;;
53;23;Царицыно;20061;A;* Орехово;1;5;11;8;8;3;13;;;;;;;;;;
53;23;Царицыно;20071;A;* Орехово;1;5;11;8;9;3;3;3;3;13;;;;;;;
54;22;Орехово;17920;A;* Домодедовская;1;7;5;6;13;;;;;;;;;;;;
54;22;Орехово;17930;Z;# Домодедовская;3;5;10;3;13;;;;;;;;;;;;
54;22;Орехово;17940;Z;# Домодедовская;3;5;11;3;13;;;;;;;;;;;;
55;21;Домодедовская;15965;Z;# Красногвардейская;1;5;11;15;3;13;;;;;;;;;;;
55;21;Домодедовская;15966;Z;# Красногвардейская;1;5;11;8;3;13;;;;;;;;;;;
55;21;Домодедовская;15967;Z;# Красногвардейская;1;5;11;9;3;7;8;20;13;;;;;;;;
55;21;Домодедовская;15968;Z;# Красногвардейская;1;5;11;9;3;7;12;8;20;13;;;;;;;
55;21;Домодедовская;15969;Z;# Красногвардейская;1;5;11;9;3;7;12;7;3;13;;;;;;;
55;21;Домодедовская;15971;Z;# Красногвардейская;1;5;10;7;3;13;;;;;;;;;;;
55;21;Домодедовская;15985;Z;# Красногвардейская;1;5;10;8;14;3;13;;;;;;;;;;
55;21;Домодедовская;15986;Z;# Красногвардейская;1;5;10;9;3;13;;;;;;;;;;;
55;21;Домодедовская;15987;Z;# Красногвардейская;1;5;10;8;7;3;13;;;;;;;;;;
55;21;Домодедовская;15988;Z;# Красногвардейская;1;5;10;8;12;7;3;13;;;;;;;;;
55;21;Домодедовская;15989;Z;# Красногвардейская;1;5;10;8;8;3;13;;;;;;;;;;
55;21;Домодедовская;15990;A;* Красногвардейская;3;5;10;7;3;13;;;;;;;;;;;
55;21;Домодедовская;16000;A;* Красногвардейская;3;5;11;8;3;13;;;;;;;;;;;
55;21;Домодедовская;16001;A;* Красногвардейская;3;5;11;7;3;13;;;;;;;;;;;
56;20;Красногвардейская;16681;A;* Алма-Атинская;1;5;10;8;3;13;;;;;;;;;;;
56;20;Красногвардейская;16691;A;# Домодедовская;1;5;11;7;3;13;;;;;;;;;;;
56;20;Красногвардейская;16701;A;# Домодедовская;1;5;11;8;3;13;;;;;;;;;;;
56;20;Красногвардейская;16711;A;# Домодедовская;1;5;10;7;3;13;;;;;;;;;;;
56;20;Красногвардейская;16720;Z;# Алма-Атинская;3;5;10;7;3;13;;;;;;;;;;;
56;20;Красногвардейская;16730;Z;# Алма-Атинская;3;5;11;7;3;13;;;;;;;;;;;
56;20;Красногвардейская;16740;Z;# Алма-Атинская;3;5;10;8;3;13;;;;;;;;;;;
56;20;Красногвардейская;16750;Z;# Алма-Атинская;3;5;11;8;3;13;;;;;;;;;;;
56;222;Зябликово;16040;Z;* Шипиловская;19;5;11;12;7;6;19;6;13;;;;;;;;
56;222;Зябликово;16050;Z;* Шипиловская;19;5;10;12;8;6;19;6;13;;;;;;;;
56;222;Зябликово;16051;A;# Шипиловская;3;5;11;3;13;;;;;;;;;;;;
57;225;Алма-Атинская;15001;Z;* Красногвардейская;19;5;10;19;6;13;;;;;;;;;;;
57;225;Алма-Атинская;15010;A;# Красногвардейская;1;7;5;11;3;13;;;;;;;;;;;
57;225;Алма-Атинская;15011;A;# Красногвардейская;1;7;5;10;3;13;;;;;;;;;;;
58;186;Новокосино;17690;A;# Новогиреево;19;5;10;12;19;13;;;;;;;;;;;
58;186;Новокосино;17700;A;# Новогиреево;19;5;11;12;19;13;;;;;;;;;;;
58;186;Новокосино;17710;Z;* Новогиреево;19;5;10;12;19;13;;;;;;;;;;;
58;186;Новокосино;17720;Z;* Новогиреево;19;5;10;8;3;13;;;;;;;;;;;
58;186;Новокосино;17730;Z;* Новогиреево;19;5;11;12;19;13;;;;;;;;;;;
59;79;Новогиреево;17650;Z;# Новокосино;1;5;11;8;3;13;;;;;;;;;;;
59;79;Новогиреево;17652;Z;# Новокосино;1;5;11;7;3;13;;;;;;;;;;;
59;79;Новогиреево;17660;Z;# Новокосино;1;5;10;8;3;13;;;;;;;;;;;
59;79;Новогиреево;17662;Z;# Новокосино;1;5;10;7;3;13;;;;;;;;;;;
59;79;Новогиреево;17670;A;* Новокосино;3;5;11;7;3;13;;;;;;;;;;;
59;79;Новогиреево;17671;A;* Новокосино;3;5;11;8;3;13;;;;;;;;;;;
59;79;Новогиреево;17680;A;* Новокосино;3;5;10;8;3;13;;;;;;;;;;;
59;79;Новогиреево;17681;A;* Новокосино;3;5;10;7;3;13;;;;;;;;;;;
60;80;Перово;18200;Z;# Новогиреево;3;11;8;9;3;13;;;;;;;;;;;
60;80;Перово;18201;Z;# Новогиреево;3;11;8;7;3;13;;;;;;;;;;;
60;80;Перово;18210;Z;# Новогиреево;3;10;7;3;13;;;;;;;;;;;;
60;80;Перово;18211;Z;# Новогиреево;3;10;8;3;13;;;;;;;;;;;;
60;80;Перово;18220;Z;# Новогиреево;3;11;7;9;3;13;;;;;;;;;;;
60;80;Перово;18221;Z;# Новогиреево;3;11;7;8;3;13;;;;;;;;;;;
60;80;Перово;18230;A;* Новогиреево;3;10;3;13;;;;;;;;;;;;;
60;80;Перово;18240;A;* Новогиреево;3;11;3;13;;;;;;;;;;;;;
61;81;Шоссе энтузиастов;20180;A;* Перово;1;5;10;3;12;7;3;13;;;;;;;;;
61;81;Шоссе энтузиастов;20181;A;* Перово;1;5;10;3;12;8;3;13;;;;;;;;;
61;81;Шоссе энтузиастов;20182;A;* Перово;1;5;10;3;14;3;13;;;;;;;;;;
61;81;Шоссе энтузиастов;20190;A;* Перово;1;5;10;3;7;3;13;;;;;;;;;;
61;81;Шоссе энтузиастов;20191;A;* Перово;1;5;11;3;13;;;;;;;;;;;;
62;82;Авиамоторная;14801;Z;# Шоссе энтузиастов;1;5;10;9;3;9;3;13;;;;;;;;;
62;82;Авиамоторная;14811;Z;# Шоссе энтузиастов;1;5;10;9;3;8;7;3;13;;;;;;;;
62;82;Авиамоторная;14821;Z;# Шоссе энтузиастов;1;5;10;9;3;7;3;13;;;;;;;;;
62;82;Авиамоторная;14831;Z;# Шоссе энтузиастов;1;5;10;9;3;8;14;3;13;;;;;;;;
62;82;Авиамоторная;14841;Z;# Шоссе энтузиастов;1;5;11;3;13;;;;;;;;;;;;
62;82;Авиамоторная;14851;Z;# Шоссе энтузиастов;1;5;10;8;3;13;;;;;;;;;;;
62;82;Авиамоторная;14861;Z;# Шоссе энтузиастов;1;5;10;9;3;8;12;8;8;7;3;13;;;;;
62;82;Авиамоторная;14871;Z;# Шоссе энтузиастов;1;5;10;9;3;8;12;8;8;9;3;13;;;;;
62;82;Авиамоторная;14881;Z;# Шоссе энтузиастов;1;5;10;9;3;8;12;8;9;3;13;;;;;;
63;83;Площадь Ильича;18350;Z;# Авиамоторная;1;5;11;3;13;;;;;;;;;;;;
63;83;Площадь Ильича;18911;Z;# Авиамоторная;1;5;10;7;12;3;13;;;;;;;;;;
63;83;Площадь Ильича;18913;Z;# Авиамоторная;1;5;10;7;7;3;13;;;;;;;;;;
63;83;Площадь Ильича;18921;Z;# Авиамоторная;1;5;10;8;3;13;;;;;;;;;;;
63;152;Римская;18351;A;* Крестьянская застава;1;5;18;7;3;12;3;13;;;;;;;;;
63;152;Римская;18910;A;* Крестьянская застава;1;5;18;7;3;8;12;3;13;;;;;;;;
63;152;Римская;18912;A;* Крестьянская застава;1;5;18;7;3;8;7;3;13;;;;;;;;
63;152;Римская;18920;A;* Крестьянская застава;1;5;18;7;3;7;3;13;;;;;;;;;
64;72;Таганская;19451;# Павелецкая;* Курская;1;7;1;8;6;13;;;;;;;;;;;
64;84;Марксистская;17231;# Третьяковская;* Площадь Ильича;1;5;18;3;13;;;;;;;;;;;;
64;84;Марксистская;17241;# Третьяковская;* Площадь Ильича;1;5;10;7;3;13;;;;;;;;;;;
64;116;Таганская;19420;# Китай-город;* Пролетарская;1;18;3;13;;;;;;;;;;;;;
64;116;Таганская;19430;# Китай-город;* Пролетарская;1;10;8;3;13;;;;;;;;;;;;
64;116;Таганская;19440;# Китай-город;* Пролетарская;1;10;7;3;13;;;;;;;;;;;;
65;86;Медведково;17380;Z;* Бабушкинская;3;5;6;13;;;;;;;;;;;;;
65;86;Медведково;17390;A;# Бабушкинская;1;7;6;13;;;;;;;;;;;;;
66;87;Бабушкинская;15140;Z;# Медведково;1;5;11;7;3;13;;;;;;;;;;;
66;87;Бабушкинская;15142;Z;# Медведково;1;5;11;8;3;13;;;;;;;;;;;
66;87;Бабушкинская;15150;A;* Медведково;3;5;10;7;3;13;;;;;;;;;;;
66;87;Бабушкинская;15152;A;* Медведково;3;5;10;8;3;13;;;;;;;;;;;
66;87;Бабушкинская;15160;A;* Медведково;3;5;11;8;3;13;;;;;;;;;;;
66;87;Бабушкинская;15162;A;* Медведково;3;5;11;7;3;13;;;;;;;;;;;
67;88;Свиблово;18971;A;* Бабушкинская;3;10;3;13;;;;;;;;;;;;;
67;88;Свиблово;18981;Z;# Бабушкинская;3;11;7;3;13;;;;;;;;;;;;
67;88;Свиблово;18983;Z;# Бабушкинская;3;11;8;3;13;;;;;;;;;;;;
67;88;Свиблово;18991;Z;# Бабушкинская;3;10;3;13;;;;;;;;;;;;;
67;88;Свиблово;19001;A;* Бабушкинская;3;11;3;13;;;;;;;;;;;;;
68;89;Ботанический сад;15400;A;* Свиблово;3;10;8;3;13;;;;;;;;;;;;
68;89;Ботанический сад;15410;A;* Свиблово;3;10;7;8;3;13;;;;;;;;;;;
68;89;Ботанический сад;15412;A;* Свиблово;3;10;7;7;3;13;;;;;;;;;;;
68;89;Ботанический сад;15420;Z;# Свиблово;1;6;13;;;;;;;;;;;;;;
69;90;ВДНХ;15580;Z;# Ботанический сад;3;1;5;10;7;3;13;;;;;;;;;;
69;90;ВДНХ;15590;Z;# Ботанический сад;3;1;5;11;7;3;13;;;;;;;;;;
69;90;ВДНХ;15600;Z;# Ботанический сад;3;1;5;10;8;3;13;;;;;;;;;;
69;90;ВДНХ;15610;Z;# Ботанический сад;3;1;5;11;8;3;13;;;;;;;;;;
69;90;ВДНХ;15620;A;* Ботанический сад;1;6;13;;;;;;;;;;;;;;
70;91;Алексеевская;14990;Z;# ВДНХ;1;6;13;;;;;;;;;;;;;;
71;92;Рижская;18900;Z;# Алексеевская;1;6;13;;;;;;;;;;;;;;
72;69;Проспект мира;18751;# Новослободская;* Комсомольская;1;8;6;13;;;;;;;;;;;;;
72;93;Проспект мира;18741;# Сухаревская;* Рижская;1;5;9;6;13;;;;;;;;;;;;
73;94;Сухаревская;19310;# Проспект мира;* Тургеневская;1;8;10;3;13;;;;;;;;;;;;
73;94;Сухаревская;19312;# Проспект мира;* Тургеневская;1;8;18;8;7;8;3;13;;;;;;;;;
73;94;Сухаревская;19320;# Проспект мира;* Тургеневская;1;8;11;3;13;;;;;;;;;;;;
73;94;Сухаревская;19322;# Проспект мира;* Тургеневская;1;8;18;8;7;7;3;13;;;;;;;;;
74;8;Чистые пруды;19684;# Красные ворота;* Лубянка;1;7;1;10;7;3;13;;;;;;;;;;
74;8;Чистые пруды;19694;# Красные ворота;* Лубянка;1;7;1;10;8;3;13;;;;;;;;;;
74;8;Чистые пруды;20170;# Красные ворота;* Лубянка;1;8;5;3;7;3;13;;;;;;;;;;
74;8;Чистые пруды;20174;# Красные ворота;* Лубянка;1;8;5;3;8;3;13;;;;;;;;;;
74;8;Чистые пруды;20900;# Красные ворота;* Лубянка;1;7;1;11;12;8;7;3;13;;;;;;;;
74;8;Чистые пруды;20902;# Красные ворота;* Лубянка;1;7;1;11;12;8;14;3;13;;;;;;;;
74;8;Чистые пруды;20904;# Красные ворота;* Лубянка;1;7;1;11;7;3;13;;;;;;;;;;
74;8;Чистые пруды;20906;# Красные ворота;* Лубянка;1;7;1;11;12;8;9;3;13;;;;;;;;
74;95;Тургеневская;19242;# Сухаревская;* Китай-город;1;7;1;11;12;8;7;3;13;;;;;;;;
74;95;Тургеневская;19246;# Сухаревская;* Китай-город;1;7;1;11;12;8;14;3;13;;;;;;;;
74;95;Тургеневская;19252;# Сухаревская;* Китай-город;1;7;1;11;7;3;13;;;;;;;;;;
74;95;Тургеневская;19256;# Сухаревская;* Китай-город;1;7;1;11;12;8;9;3;13;;;;;;;;
74;95;Тургеневская;19680;# Сухаревская;* Китай-город;1;7;1;10;7;3;13;;;;;;;;;;
74;95;Тургеневская;19690;# Сухаревская;* Китай-город;1;7;1;10;8;3;13;;;;;;;;;;
74;95;Тургеневская;20172;# Сухаревская;* Китай-город;1;8;9;5;3;7;3;13;;;;;;;;;
74;95;Тургеневская;20176;# Сухаревская;* Китай-город;1;8;9;5;3;8;3;13;;;;;;;;;
74;219;Сретенский Бульвар;19240;# Чкаловская;* Трубная;1;9;1;5;3;10;12;8;7;3;13;;;;;;
74;219;Сретенский Бульвар;19244;# Чкаловская;* Трубная;1;9;1;5;3;10;12;8;14;3;13;;;;;;
74;219;Сретенский Бульвар;19250;# Чкаловская;* Трубная;1;9;1;5;3;10;7;3;13;;;;;;;;
74;219;Сретенский Бульвар;19254;# Чкаловская;* Трубная;1;9;1;5;3;10;12;8;9;3;13;;;;;;
74;219;Сретенский бульвар;19682;# Чкаловская;* Трубная;1;9;1;5;3;11;7;3;13;;;;;;;;
74;219;Сретенский бульвар;19692;# Чкаловская;* Трубная;1;9;1;5;3;11;8;3;13;;;;;;;;
75;96;Китай-город;16340;# Третьяковская;* Тургеневская;3;8;1;10;8;3;13;;;;;;;;;;
75;96;Китай-город;16350;# Третьяковская;* Тургеневская;3;8;1;11;8;3;13;;;;;;;;;;
75;96;Китай-город;16360;# Третьяковская;* Тургеневская;3;8;1;11;7;3;7;3;13;;;;;;;;
75;96;Китай-город;16370;# Третьяковская;* Тургеневская;3;8;1;11;15;3;13;;;;;;;;;;
75;96;Китай-город;16380;# Третьяковская;* Тургеневская;3;8;1;11;7;3;8;3;13;;;;;;;;
75;96;Китай-город;16390;# Третьяковская;* Тургеневская;3;8;1;11;12;3;13;;;;;;;;;;
75;96;Китай-город;16392;# Третьяковская;* Тургеневская;3;8;1;11;14;3;13;;;;;;;;;;
75;96;Китай-город;16400;# Тургеневская;* Третьяковская;1;11;12;7;3;13;;;;;;;;;;;
75;96;Китай-город;16402;# Тургеневская;* Третьяковская;1;11;12;7;20;13;;;;;;;;;;;
75;96;Китай-город;16410;# Тургеневская;* Третьяковская;1;11;12;8;8;3;13;;;;;;;;;;
75;96;Китай-город;16412;# Тургеневская;* Третьяковская;1;11;12;8;7;3;13;;;;;;;;;;
75;96;Китай-город;16420;# Тургеневская;* Третьяковская;1;18;3;13;;;;;;;;;;;;;
75;96;Китай-город;16430;# Тургеневская;* Третьяковская;1;10;8;3;13;;;;;;;;;;;;
75;96;Китай-город;16440;# Третьяковская;* Тургеневская;3;8;1;10;7;3;13;;;;;;;;;;
75;96;Китай-город;16450;# Тургеневская;* Третьяковская;1;10;12;3;13;;;;;;;;;;;;
75;227;Китай-город;16341;# Таганская;* Кузнецкий мост;3;8;1;10;8;3;13;;;;;;;;;;
75;227;Китай-город;16351;# Таганская;* Кузнецкий мост;3;8;1;11;8;3;13;;;;;;;;;;
75;227;Китай-город;16361;# Таганская;* Кузнецкий мост;3;8;1;11;7;3;7;3;13;;;;;;;;
75;227;Китай-город;16371;# Таганская;* Кузнецкий мост;3;8;1;11;15;3;13;;;;;;;;;;
75;227;Китай-город;16381;# Таганская;* Кузнецкий мост;3;8;1;11;7;3;8;3;13;;;;;;;;
75;227;Китай-город;16391;# Таганская;* Кузнецкий мост;3;8;1;11;12;3;13;;;;;;;;;;
75;227;Китай-город;16393;# Таганская;* Кузнецкий мост;3;8;1;11;14;3;13;;;;;;;;;;
75;227;Китай-город;16401;# Кузнецкий мост;* Таганская;1;11;12;7;3;13;;;;;;;;;;;
75;227;Китай-город;16403;# Кузнецкий мост;* Таганская;1;11;12;7;20;13;;;;;;;;;;;
75;227;Китай-город;16411;# Кузнецкий мост;* Таганская;1;11;12;8;8;3;13;;;;;;;;;;
75;227;Китай-город;16413;# Кузнецкий мост;* Таганская;1;11;12;8;7;3;13;;;;;;;;;;
75;227;Китай-город;16421;# Кузнецкий мост;* Таганская;1;18;3;13;;;;;;;;;;;;;
75;227;Китай-город;16431;# Кузнецкий мост;* Таганская;1;10;8;3;13;;;;;;;;;;;;
75;227;Китай-город;16441;# Таганская;* Кузнецкий мост;3;8;1;10;7;3;13;;;;;;;;;;
75;227;Китай-город;16451;# Кузнецкий мост;* Таганская;1;10;12;3;13;;;;;;;;;;;;
76;75;Октябрьская;17821;# Парк культуры;* Добрынинская;1;8;5;7;6;13;;;;;;;;;;;
76;75;Октябрьская;17822;# Парк культуры;* Добрынинская;1;8;5;8;6;13;;;;;;;;;;;
76;98;Октябрьская;17831;# Шаболовская;* Третьяковская;1;7;6;13;;;;;;;;;;;;;
77;99;Шаболовская;20201;A;* Ленинский проспект;1;5;6;13;;;;;;;;;;;;;
78;100;Ленинский проспект;17060;A;* Академическая;1;7;6;13;;;;;;;;;;;;;
78;100;Ленинский проспект;17070;Z;# Академическая;1;6;13;;;;;;;;;;;;;;
79;101;Академическая;14920;A;* Профсоюзная;3;1;5;11;7;3;13;;;;;;;;;;
79;101;Академическая;14921;A;* Профсоюзная;3;1;5;11;8;3;13;;;;;;;;;;
79;101;Академическая;14930;A;* Профсоюзная;3;1;5;10;8;3;13;;;;;;;;;;
79;101;Академическая;14931;A;* Профсоюзная;3;1;5;10;7;3;13;;;;;;;;;;
79;101;Академическая;14940;Z;# Профсоюзная;3;5;11;7;3;13;;;;;;;;;;;
79;101;Академическая;14941;Z;# Профсоюзная;3;5;11;8;3;13;;;;;;;;;;;
79;101;Академическая;14950;Z;# Профсоюзная;3;5;10;8;3;13;;;;;;;;;;;
79;101;Академическая;14951;Z;# Профсоюзная;3;5;10;7;3;13;;;;;;;;;;;
80;102;Профсоюзная;18760;A;* Новые черемушки;3;11;12;7;3;13;;;;;;;;;;;
80;102;Профсоюзная;18762;A;* Новые черемушки;3;11;12;8;3;13;;;;;;;;;;;
80;102;Профсоюзная;18770;A;* Новые черемушки;3;10;12;8;3;13;;;;;;;;;;;
80;102;Профсоюзная;18772;A;* Новые черемушки;3;10;12;7;3;13;;;;;;;;;;;
80;102;Профсоюзная;18780;Z;# Новые черемушки;3;5;10;12;7;3;13;;;;;;;;;;
80;102;Профсоюзная;18781;Z;# Новые черемушки;3;5;10;12;8;3;13;;;;;;;;;;
80;102;Профсоюзная;18790;Z;# Новые черемушки;3;5;11;12;8;3;13;;;;;;;;;;
80;102;Профсоюзная;18791;Z;# Новые черемушки;3;5;11;12;7;3;13;;;;;;;;;;
81;103;Новые черемушки;17781;A;* Калужская;3;11;12;7;3;13;;;;;;;;;;;
81;103;Новые черемушки;17783;A;* Калужская;3;11;12;8;3;13;;;;;;;;;;;
81;103;Новые черемушки;17791;A;* Калужская;3;10;12;8;3;13;;;;;;;;;;;
81;103;Новые черемушки;17793;A;* Калужская;3;10;12;7;3;13;;;;;;;;;;;
81;103;Новые черемушки;17800;Z;# Калужская;3;5;10;12;7;3;13;;;;;;;;;;
81;103;Новые черемушки;17801;Z;# Калужская;3;5;10;12;8;3;13;;;;;;;;;;
81;103;Новые черемушки;17810;Z;# Калужская;3;5;11;12;8;3;13;;;;;;;;;;
81;103;Новые черемушки;17811;Z;# Калужская;3;5;11;12;7;3;13;;;;;;;;;;
82;104;Калужская;16081;A;* Беляево;1;5;18;7;8;3;13;;;;;;;;;;
82;104;Калужская;16091;A;* Беляево;1;5;11;7;3;13;;;;;;;;;;;
82;104;Калужская;16093;A;* Беляево;1;5;11;8;3;13;;;;;;;;;;;
82;104;Калужская;16101;A;* Беляево;1;5;18;8;7;3;13;;;;;;;;;;
82;104;Калужская;16111;A;* Беляево;1;5;10;8;3;13;;;;;;;;;;;
82;104;Калужская;16113;A;* Беляево;1;5;10;7;3;13;;;;;;;;;;;
82;104;Калужская;16121;Z;# Беляево;1;8;11;7;3;13;;;;;;;;;;;
82;104;Калужская;16123;Z;# Беляево;1;8;11;8;3;13;;;;;;;;;;;
82;104;Калужская;16131;Z;# Беляево;1;8;10;8;3;13;;;;;;;;;;;
82;104;Калужская;16133;Z;# Беляево;1;8;10;7;3;13;;;;;;;;;;;
83;105;Беляево;15281;A;* Коньково;3;5;10;8;3;13;;;;;;;;;;;
83;105;Беляево;15283;A;* Коньково;3;5;10;7;3;13;;;;;;;;;;;
83;105;Беляево;15291;A;* Коньково;3;5;10;12;8;3;13;;;;;;;;;;
83;105;Беляево;15293;A;* Коньково;3;5;10;12;7;3;13;;;;;;;;;;
83;105;Беляево;15300;Z;# Коньково;1;5;11;8;3;13;;;;;;;;;;;
83;105;Беляево;15301;Z;# Коньково;1;5;11;7;3;13;;;;;;;;;;;
83;105;Беляево;15310;Z;# Коньково;1;5;11;12;8;3;13;;;;;;;;;;
83;105;Беляево;15311;Z;# Коньково;1;5;11;12;7;3;13;;;;;;;;;;
84;106;Коньково;16620;A;* Теплый стан;3;5;11;7;3;13;;;;;;;;;;;
84;106;Коньково;16621;A;* Теплый стан;3;5;11;8;3;13;;;;;;;;;;;
84;106;Коньково;16630;Z;# Теплый стан;3;5;10;8;3;13;;;;;;;;;;;
84;106;Коньково;16631;Z;# Теплый стан;3;5;10;9;3;13;;;;;;;;;;;
84;106;Коньково;16640;A;* Теплый стан;3;5;10;8;3;13;;;;;;;;;;;
84;106;Коньково;16641;A;* Теплый стан;3;5;10;7;3;13;;;;;;;;;;;
84;106;Коньково;16650;Z;# Теплый стан;3;5;10;7;8;3;13;;;;;;;;;;
84;106;Коньково;16651;Z;# Теплый стан;3;5;10;7;7;3;13;;;;;;;;;;
84;106;Коньково;16660;Z;# Теплый стан;3;5;11;7;3;13;;;;;;;;;;;
84;106;Коньково;16670;Z;# Теплый стан;3;5;11;12;7;3;13;;;;;;;;;;
85;107;Теплый стан;19560;Z;# Ясенево;3;5;10;7;12;7;3;13;;;;;;;;;
85;107;Теплый стан;19561;Z;# Ясенево;3;5;10;7;12;8;3;13;;;;;;;;;
85;107;Теплый стан;19570;Z;# Ясенево;3;5;10;7;7;3;13;;;;;;;;;;
85;107;Теплый стан;19571;Z;# Ясенево;3;5;10;7;8;3;13;;;;;;;;;;
85;107;Теплый стан;19580;Z;# Ясенево;3;5;10;8;3;13;;;;;;;;;;;
85;107;Теплый стан;19590;A;* Ясенево;3;5;11;12;7;3;13;;;;;;;;;;
85;107;Теплый стан;19591;A;* Ясенево;3;5;11;12;8;3;13;;;;;;;;;;
85;107;Теплый стан;19600;A;* Ясенево;3;5;11;7;3;13;;;;;;;;;;;
85;107;Теплый стан;19601;A;* Ясенево;3;5;11;8;3;13;;;;;;;;;;;
86;108;Ясенево;20480;A;* Новоясеневская;3;5;11;12;7;3;13;;;;;;;;;;
86;108;Ясенево;20490;A;* Новоясеневская;3;5;10;12;8;3;13;;;;;;;;;;
86;108;Ясенево;20500;Z;# Новоясеневская;3;5;11;7;3;13;;;;;;;;;;;
86;108;Ясенево;20510;Z;# Новоясеневская;3;5;10;7;3;13;;;;;;;;;;;
86;108;Ясенево;20520;Z;# Новоясеневская;3;5;11;8;3;13;;;;;;;;;;;
86;108;Ясенево;20530;Z;# Новоясеневская;3;5;10;13;;;;;;;;;;;;;
86;108;Ясенево;20540;A;* Новоясеневская;3;5;11;7;3;13;;;;;;;;;;;
86;108;Ясенево;20550;A;* Новоясеневская;3;5;10;8;3;13;;;;;;;;;;;
87;109;Новоясеневская;17760;A;# Ясенево;3;5;10;8;3;13;;;;;;;;;;;
87;109;Новоясеневская;17761;Z;* Ясенево;3;9;8;7;3;5;6;13;;;;;;;;;
87;109;Новоясеневская;17762;A;# Ясенево;3;5;11;3;8;3;6;13;;;;;;;;;
87;232;Битцевский парк;17770;# Лесопарковая;;3;8;8;3;5;6;13;;;;;;;;;;
88;27;Варшавская;15540;# Каширская;* Каховская;1;5;10;8;3;13;;;;;;;;;;;
88;27;Варшавская;15550;# Каховская;* Каширская;3;11;7;3;6;13;;;;;;;;;;;
88;27;Варшавская;15552;# Каховская;* Каширская;3;10;3;13;;;;;;;;;;;;;
88;27;Варшавская;15553;# Каховская;* Каширская;3;10;8;6;1;7;6;13;;;;;;;;;
88;27;Варшавская;15554;# Каховская;* Каширская;3;10;7;6;4;8;3;13;;;;;;;;;
88;27;Варшавская;15556;# Каховская;* Каширская;3;10;7;6;4;15;3;13;;;;;;;;;
88;27;Варшавская;15560;# Каширская;* Каховская;1;5;11;7;3;13;;;;;;;;;;;
88;27;Варшавская;15570;# Каховская;* Каширская;3;10;7;6;4;12;8;3;13;;;;;;;;
89;26;Каховская;16180;# Варшавская;;3;5;11;8;3;13;;;;;;;;;;;
89;26;Каховская;16190;# Варшавская;;3;5;11;7;3;13;;;;;;;;;;;
89;26;Каховская;16200;# Варшавская;;3;5;10;7;3;13;;;;;;;;;;;
89;26;Каховская;16210;# Варшавская;;3;5;10;8;3;13;;;;;;;;;;;
89;26;Каховская;16220;* Варшавская;;3;5;10;8;3;13;;;;;;;;;;;
89;26;Каховская;16230;* Варшавская;;3;5;11;7;3;13;;;;;;;;;;;
89;26;Каховская;16240;* Варшавская;;3;5;10;7;3;13;;;;;;;;;;;
89;26;Каховская;16250;* Варшавская;;3;5;11;8;3;13;;;;;;;;;;;
89;147;Севастопольская;19010;A;* Чертановская;1;5;11;3;7;3;13;;;;;;;;;;
89;147;Севастопольская;19020;A;* Чертановская;1;5;11;3;8;3;13;;;;;;;;;;
89;147;Севастопольская;19030;A;* Чертановская;1;5;10;7;8;7;3;13;;;;;;;;;
89;147;Севастопольская;19040;A;* Чертановская;1;5;10;7;8;8;3;13;;;;;;;;;
90;68;Новослободская;17750;* Белорусская;# Проспект мира;1;6;13;;;;;;;;;;;;;;
90;137;Менделеевская;17410;* Савеловская;# Цветной бульвар;1;5;10;8;3;13;;;;;;;;;;;
90;137;Менделеевская;17420;* Савеловская;# Цветной бульвар;1;5;11;3;13;;;;;;;;;;;;
90;137;Менделеевская;17430;* Савеловская;# Цветной бульвар;1;5;10;7;3;13;;;;;;;;;;;
91;6;Комсомольская;16591;# Красные ворота;* Красносельская;3;8;1;7;5;6;13;;;;;;;;;;
91;6;Комсомольская;16593;# Красные ворота;* Красносельская;3;8;1;8;5;6;13;;;;;;;;;;
91;6;Комсомольская;16615;# Красносельская;* Красные ворота;3;8;5;8;3;6;13;;;;;;;;;;
91;6;Комсомольская;16616;# Красносельская;* Красные ворота;3;8;5;9;6;4;9;7;3;7;3;13;;;;;
91;6;Комсомольская;16619;# Красносельская;* Красные ворота;3;8;5;9;6;4;8;6;3;13;;;;;;;
91;70;Комсомольская;16590;# Курская;* Проспект мира;3;7;1;8;5;6;13;;;;;;;;;;
91;70;Комсомольская;16592;# Курская;* Проспект мира;3;7;1;7;5;6;13;;;;;;;;;;
91;70;Комсомольская;16612;M;;2;7;1;7;5;8;3;6;13;;;;;;;;
91;70;Комсомольская;16613;M;;2;7;1;7;5;9;6;4;9;7;3;7;3;13;;;
91;70;Комсомольская;16618;M;;2;7;1;7;5;9;6;4;8;6;3;13;;;;;
92;74;Добрынинская;15950;# Павелецкая;* Октябрьская;1;8;5;6;13;;;;;;;;;;;;
92;142;Серпуховская;19060;# Полянка;* Тульская;1;5;11;3;7;3;13;;;;;;;;;;
92;142;Серпуховская;19070;# Полянка;* Тульская;1;5;10;3;13;;;;;;;;;;;;
93;13;Парк культуры;18082;# Фрунзенская;* Кропоткинская;3;9;1;7;5;6;13;;;;;;;;;;
93;13;Парк культуры;18091;# Кропоткинская;* Фрунзенская;3;9;5;7;3;6;13;;;;;;;;;;
93;76;Парк культуры;18083;# Киевская;* Октябрьская;1;8;5;6;13;;;;;;;;;;;;
94;78;Краснопресненская;16760;* Киевская;# Белорусская;1;8;6;13;;;;;;;;;;;;;
94;120;Баррикадная;15190;* Пушкинская;# Улица 1905 года;1;6;13;;;;;;;;;;;;;;
95;217;Марьина роща;17250;Z;* Достоевская;1;5;11;6;8;8;3;13;;;;;;;;;
95;217;Марьина роща;17251;Z;* Достоевская;1;5;10;19;13;;;;;;;;;;;;
95;217;Марьина роща;17260;Z;* Достоевская;1;5;11;6;8;7;3;13;;;;;;;;;
95;217;Марьина роща;17261;Z;* Достоевская;1;5;11;6;9;7;3;13;;;;;;;;;
95;217;Марьина роща;17270;A;# Достоевская;1;5;11;3;7;8;6;3;13;;;;;;;;
95;217;Марьина роща;17271;A;# Достоевская;1;5;11;3;7;7;6;20;13;;;;;;;;
96;218;Достоевская;16011;A;* Марьина роща;3;1;5;10;10;19;13;;;;;;;;;;
96;218;Достоевская;16021;A;* Марьина роща;3;1;5;10;18;8;3;13;;;;;;;;;
96;218;Достоевская;16023;A;* Марьина роща;3;1;5;10;18;7;3;13;;;;;;;;;
97;138;Цветной бульвар;19651;# Чеховская;* Менделеевская;3;7;1;5;6;13;;;;;;;;;;;
97;166;Трубная;19650;# Достоевская;* Сретенский бульвар;1;5;10;3;13;;;;;;;;;;;;
98;115;Пролетарская;16801;M;;3;9;4;8;5;11;3;13;;;;;;;;;
98;115;Пролетарская;18610;Z;# Волгоградский проспект;3;5;10;3;6;7;3;13;;;;;;;;;
98;115;Пролетарская;18611;Z;# Волгоградский проспект;3;5;10;3;6;8;3;13;;;;;;;;;
98;115;Пролетарская;18612;Z;# Волгоградский проспект;3;5;10;3;6;15;3;13;;;;;;;;;
98;115;Пролетарская;18613;Z;# Волгоградский проспект;3;5;10;3;6;16;3;13;;;;;;;;;
98;115;Пролетарская;18620;Z;# Волгоградский проспект;3;5;10;3;6;12;7;3;13;;;;;;;;
98;115;Пролетарская;18630;Z;# Волгоградский проспект;3;5;10;3;6;12;8;3;13;;;;;;;;
98;115;Пролетарская;18640;A;* Волгоградский проспект;3;5;10;3;6;12;8;3;13;;;;;;;;
98;115;Пролетарская;18650;A;* Волгоградский проспект;3;5;10;3;6;7;3;13;;;;;;;;;
98;115;Пролетарская;18660;A;* Волгоградский проспект;3;5;10;3;6;12;7;3;13;;;;;;;;
98;153;Крестьянская застава;16800;A;* Дубровка;1;7;5;11;3;13;;;;;;;;;;;
99;161;Дубровка;16030;A;* Кожуховская;1;5;6;3;11;3;7;3;13;;;;;;;;
99;161;Дубровка;16031;A;* Кожуховская;1;5;6;3;10;8;3;13;;;;;;;;;
99;161;Дубровка;16032;A;* Кожуховская;1;5;6;3;10;7;3;13;;;;;;;;;
100;154;Кожуховская;16460;A;* Печатники;3;7;5;11;8;6;1;6;13;;;;;;;;
100;154;Кожуховская;16470;A;* Печатники;3;7;5;18;3;13;;;;;;;;;;;
101;155;Печатники;18260;A;* Волжская;3;7;5;4;14;3;13;;;;;;;;;;
101;155;Печатники;18270;A;* Волжская;3;7;5;4;7;3;13;;;;;;;;;;
101;155;Печатники;18280;A;* Волжская;3;7;5;6;13;;;;;;;;;;;;
101;155;Печатники;18290;A;* Волжская;3;7;5;4;15;3;13;;;;;;;;;;
101;155;Печатники;18300;A;* Волжская;3;7;5;4;8;3;13;;;;;;;;;;
102;156;Волжская;15760;Z;# Люблино;3;5;8;11;3;13;;;;;;;;;;;
102;156;Волжская;15770;Z;# Люблино;3;5;8;10;3;13;;;;;;;;;;;
102;156;Волжская;15780;A;* Люблино;3;5;10;7;3;13;;;;;;;;;;;
102;156;Волжская;15790;A;* Люблино;3;5;10;12;7;8;3;13;;;;;;;;;
103;157;Люблино;17170;A;* Братиславская;3;5;11;8;3;13;;;;;;;;;;;
103;157;Люблино;17180;Z;# Братиславская;3;5;10;8;3;13;;;;;;;;;;;
103;157;Люблино;17190;Z;# Братиславская;3;5;10;7;3;8;3;13;;;;;;;;;
103;157;Люблино;17200;Z;# Братиславская;3;5;10;7;3;9;3;13;;;;;;;;;
103;157;Люблино;17210;Z;# Братиславская;3;5;11;8;7;3;13;;;;;;;;;;
103;157;Люблино;17220;Z;# Братиславская;3;5;11;8;9;3;13;;;;;;;;;;
104;158;Братиславская;15440;A;* Марьино;3;5;10;12;7;3;13;;;;;;;;;;
104;158;Братиславская;15450;A;* Марьино;3;5;10;8;3;13;;;;;;;;;;;
104;158;Братиславская;15460;A;* Марьино;3;5;10;12;8;3;13;;;;;;;;;;
104;158;Братиславская;15470;Z;# Марьино;3;5;11;12;7;3;13;;;;;;;;;;
104;158;Братиславская;15480;Z;# Марьино;3;5;11;12;8;3;13;;;;;;;;;;
104;158;Братиславская;15490;Z;# Марьино;3;5;11;7;3;13;;;;;;;;;;;
105;159;Марьино;17280;Z;# Борисово;3;5;11;3;12;8;3;13;;;;;;;;;
105;159;Марьино;17290;Z;# Борисово;3;5;11;3;12;7;3;13;;;;;;;;;
105;159;Марьино;17300;A;* Борисово;3;5;10;3;8;3;13;;;;;;;;;;
105;159;Марьино;17310;A;* Борисово;3;5;10;3;7;3;13;;;;;;;;;;
105;159;Марьино;17320;A;* Борисово;3;5;10;3;12;8;3;13;;;;;;;;;
105;159;Марьино;17330;A;* Борисово;3;5;10;3;12;7;3;13;;;;;;;;;
105;159;Марьино;17340;Z;# Борисово;3;5;11;3;8;3;13;;;;;;;;;;
105;159;Марьино;17350;Z;# Борисово;3;5;11;3;7;3;13;;;;;;;;;;
106;220;Борисово;15370;A;* Шипиловская;1;7;5;11;3;13;;;;;;;;;;;
106;220;Борисово;15380;Z;# Шипиловская;19;5;11;12;7;6;19;6;13;;;;;;;;
107;221;Шипиловская;20210;A;* Зябликово;19;5;11;12;6;19;6;13;;;;;;;;;
107;221;Шипиловская;20220;Z;# Зябликово;3;5;11;8;3;13;;;;;;;;;;;
107;221;Шипиловская;20230;A;* Зябликово;19;5;10;12;6;19;6;13;;;;;;;;;
107;221;Шипиловская;20231;A;* Зябликово;19;5;10;12;6;19;6;13;;;;;;;;;
107;221;Шипиловская;20240;Z;# Зябликово;3;5;10;3;13;;;;;;;;;;;;
108;129;Алтуфьево;15020;A;# Бибирево;3;5;10;8;3;6;13;;;;;;;;;;
108;129;Алтуфьево;15022;A;# Бибирево;3;5;10;7;20;6;13;;;;;;;;;;
108;129;Алтуфьево;15030;Z;* Бибирево;3;5;11;7;3;6;13;;;;;;;;;;
108;129;Алтуфьево;15032;Z;* Бибирево;3;5;11;8;3;6;13;;;;;;;;;;
108;129;Алтуфьево;15040;Z;* Бибирево;3;5;10;8;3;6;13;;;;;;;;;;
108;129;Алтуфьево;15042;Z;* Бибирево;3;5;10;7;3;6;13;;;;;;;;;;
108;129;Алтуфьево;15050;A;# Бибирево;3;5;11;7;3;6;13;;;;;;;;;;
108;129;Алтуфьево;15052;A;# Бибирево;3;5;11;8;3;6;13;;;;;;;;;;
109;130;Бибирево;15320;Z;# Алтуфьево;1;5;10;8;12;7;3;13;;;;;;;;;
109;130;Бибирево;15322;Z;# Алтуфьево;1;5;10;8;12;8;3;13;;;;;;;;;
109;130;Бибирево;15330;A;# Отрадное;3;5;10;7;3;13;;;;;;;;;;;
109;130;Бибирево;15332;A;# Отрадное;3;5;10;8;3;13;;;;;;;;;;;
109;130;Бибирево;15340;Z;# Алтуфьево;1;5;10;8;7;3;13;;;;;;;;;;
109;130;Бибирево;15342;Z;# Алтуфьево;1;5;10;8;8;3;13;;;;;;;;;;
110;131;Отрадное;17951;Z;# Бибирево;3;5;10;8;3;6;13;;;;;;;;;;
110;131;Отрадное;17953;Z;# Бибирево;3;5;10;7;3;6;13;;;;;;;;;;
110;131;Отрадное;17961;A;* Бибирево;3;5;10;7;3;13;;;;;;;;;;;
110;131;Отрадное;17963;A;* Бибирево;3;5;10;20;13;;;;;;;;;;;;
110;131;Отрадное;17971;A;* Бибирево;3;5;11;8;3;13;;;;;;;;;;;
110;131;Отрадное;17973;A;* Бибирево;3;5;11;20;13;;;;;;;;;;;;
110;131;Отрадное;17981;Z;# Бибирево;3;5;11;7;3;13;;;;;;;;;;;
110;131;Отрадное;17983;Z;# Бибирево;3;5;11;8;3;13;;;;;;;;;;;
111;132;Владыкино;15630;Z;# Отрадное;1;5;6;13;;;;;;;;;;;;;
111;132;Владыкино;15640;A;* Отрадное;1;5;6;13;;;;;;;;;;;;;
112;133;Петровско-Разумовская;18250;A;* Владыкино;1;5;6;13;;;;;;;;;;;;;
113;134;Тимирязевская;19610;A;* Петровско-Разумовская;1;5;11;12;8;3;13;;;;;;;;;;
113;134;Тимирязевская;19612;A;* Петровско-Разумовская;1;5;11;12;7;3;13;;;;;;;;;;
113;134;Тимирязевская;19614;A;* Петровско-Разумовская;1;5;11;7;20;13;;;;;;;;;;;
113;134;Тимирязевская;19621;A;* Петровско-Разумовская;1;5;10;12;7;3;13;;;;;;;;;;
113;134;Тимирязевская;19623;A;* Петровско-Разумовская;1;5;10;12;8;3;13;;;;;;;;;;
113;134;Тимирязевская;19625;A;* Петровско-Разумовская;1;5;10;7;3;13;;;;;;;;;;;
113;134;Тимирязевская;19627;A;* Петровско-Разумовская;1;5;10;8;3;13;;;;;;;;;;;
114;135;Дмитровская;15930;A;* Тимирязевская;1;5;10;9;3;13;;;;;;;;;;;
114;135;Дмитровская;15932;A;* Тимирязевская;1;5;10;8;3;13;;;;;;;;;;;
114;135;Дмитровская;15940;A;* Тимирязевская;1;5;11;8;8;3;13;;;;;;;;;;
114;135;Дмитровская;15942;A;* Тимирязевская;1;5;11;8;7;3;13;;;;;;;;;;
115;136;Савеловская;18950;A;* Дмитровская;1;5;11;8;3;13;;;;;;;;;;;
115;136;Савеловская;18952;A;* Дмитровская;1;5;11;9;4;8;3;13;;;;;;;;;
115;136;Савеловская;18954;A;* Дмитровская;1;5;11;9;4;15;3;13;;;;;;;;;
115;136;Савеловская;18956;A;* Дмитровская;1;5;11;9;4;12;8;3;13;;;;;;;;
115;136;Савеловская;18958;A;* Дмитровская;1;5;11;9;4;12;7;3;13;;;;;;;;
115;136;Савеловская;18960;A;* Дмитровская;1;5;10;7;3;13;;;;;;;;;;;
116;141;Полянка;18460;# Боровицкая;* Серпуховская;1;5;6;3;13;;;;;;;;;;;;
117;143;Тульская;19660;A;* Нагатинская;1;5;11;3;13;;;;;;;;;;;;
117;143;Тульская;19670;Z;# Нагатинская;1;5;10;3;13;;;;;;;;;;;;
118;144;Нагатинская;17540;A;* Нагорная;1;5;11;7;3;13;;;;;;;;;;;
118;144;Нагатинская;17550;A;* Нагорная;1;5;11;14;3;13;;;;;;;;;;;
118;144;Нагатинская;17560;A;* Нагорная;1;5;11;12;7;3;13;;;;;;;;;;
118;144;Нагатинская;17562;A;* Нагорная;1;5;11;12;8;3;13;;;;;;;;;;
118;144;Нагатинская;17570;Z;# Нагорная;3;5;10;3;13;;;;;;;;;;;;
118;144;Нагатинская;17572;Z;# Нагорная;3;5;11;8;3;13;;;;;;;;;;;
118;144;Нагатинская;17574;Z;# Нагорная;3;5;11;7;3;13;;;;;;;;;;;
119;145;Нагорная;17580;Z;# Нахимовский проспект;3;5;10;3;13;;;;;;;;;;;;
119;145;Нагорная;17590;Z;# Нахимовский проспект;3;5;11;7;3;13;;;;;;;;;;;
119;145;Нагорная;17592;Z;# Нахимовский проспект;3;5;11;8;3;13;;;;;;;;;;;
120;146;Нахимовский проспект;17600;Z;# Севастопольская;1;5;10;8;3;13;;;;;;;;;;;
120;146;Нахимовский проспект;17610;Z;# Севастопольская;1;5;11;8;3;13;;;;;;;;;;;
120;146;Нахимовский проспект;17620;A;* Севастопольская;1;5;11;3;13;;;;;;;;;;;;
120;146;Нахимовский проспект;17630;A;* Севастопольская;1;5;10;3;13;;;;;;;;;;;;
120;146;Нахимовский проспект;17640;Z;# Севастопольская;1;5;10;7;3;13;;;;;;;;;;;
121;148;Чертановская;20120;Z;# Южная;1;5;10;8;12;3;13;;;;;;;;;;
121;148;Чертановская;20121;A;* Южная;1;7;5;6;13;;;;;;;;;;;;
121;148;Чертановская;20122;Z;# Южная;1;5;10;8;16;3;13;;;;;;;;;;
121;148;Чертановская;20123;Z;# Южная;1;5;10;8;14;3;13;;;;;;;;;;
121;148;Чертановская;20124;Z;# Южная;1;5;10;8;7;3;13;;;;;;;;;;
121;148;Чертановская;20126;Z;# Южная;1;5;11;3;8;8;3;13;;;;;;;;;
121;148;Чертановская;20127;Z;# Южная;1;5;10;9;13;;;;;;;;;;;;
121;148;Чертановская;20128;Z;# Южная;1;5;11;3;8;7;3;13;;;;;;;;;
122;149;Южная;20440;A;* Пражская;1;5;11;8;7;3;13;;;;;;;;;;
122;149;Южная;20442;A;* Пражская;1;5;11;8;8;3;13;;;;;;;;;;
122;149;Южная;20450;Z;# Пражская;1;5;10;7;7;3;13;;;;;;;;;;
122;149;Южная;20452;Z;# Пражская;1;5;10;7;8;3;13;;;;;;;;;;
122;149;Южная;20460;A;* Пражская;1;5;10;7;3;13;;;;;;;;;;;
122;149;Южная;20462;A;* Пражская;1;5;10;8;3;13;;;;;;;;;;;
122;149;Южная;20470;Z;# Пражская;1;5;11;8;3;13;;;;;;;;;;;
122;149;Южная;20472;Z;# Пражская;1;5;11;7;3;13;;;;;;;;;;;
123;150;Пражская;18470;A;* Улица Академика Янгеля;1;5;10;7;8;3;13;;;;;;;;;;
123;150;Пражская;18472;A;* Улица Академика Янгеля;1;5;10;7;7;3;13;;;;;;;;;;
123;150;Пражская;18480;Z;# Улица Академика Янгеля;1;5;10;12;7;3;13;;;;;;;;;;
123;150;Пражская;18482;Z;# Улица Академика Янгеля;1;5;10;12;8;3;13;;;;;;;;;;
123;150;Пражская;18490;A;* Улица Академика Янгеля;1;5;10;8;3;13;;;;;;;;;;;
123;150;Пражская;18500;A;* Улица Академика Янгеля;1;5;10;9;3;13;;;;;;;;;;;
123;150;Пражская;18510;Z;# Улица Академика Янгеля;1;5;10;7;3;13;;;;;;;;;;;
123;150;Пражская;18512;Z;# Улица Академика Янгеля;1;5;10;8;3;13;;;;;;;;;;;
123;150;Пражская;18520;A;* Улица Академика Янгеля;1;5;11;9;3;13;;;;;;;;;;;
123;150;Пражская;18530;A;* Улица Академика Янгеля;1;5;11;8;7;3;13;;;;;;;;;;
123;150;Пражская;18532;A;* Улица Академика Янгеля;1;5;11;8;8;3;13;;;;;;;;;;
123;150;Пражская;18540;A;* Улица Академика Янгеля;1;5;11;7;3;13;;;;;;;;;;;
124;162;Улица Академика Янгеля;19770;A;* Аннино;1;8;5;11;8;3;13;;;;;;;;;;
124;162;Улица Академика Янгеля;19850;Z;# Аннино;3;5;10;8;3;13;;;;;;;;;;;
124;162;Улица Академика Янгеля;19860;A;* Аннино;1;8;5;11;12;8;3;13;;;;;;;;;
124;162;Улица Академика Янгеля;19870;Z;# Аннино;3;5;11;8;3;13;;;;;;;;;;;
124;162;Улица Академика Янгеля;19880;A;* Аннино;1;8;5;10;7;3;13;;;;;;;;;;
124;162;Улица Академика Янгеля;19890;Z;# Аннино;3;5;11;12;8;3;18;3;13;;;;;;;;
124;162;Улица Академика Янгеля;19892;Z;# Аннино;3;5;11;12;8;3;11;8;3;13;;;;;;;
125;163;Аннино;15060;Z;# Бульвар Дмитрия Донского;1;5;10;7;3;13;;;;;;;;;;;
125;163;Аннино;15062;Z;# Бульвар Дмитрия Донского;1;5;11;7;3;13;;;;;;;;;;;
125;163;Аннино;15070;A;* Бульвар Дмитрия Донского;3;5;7;3;13;;;;;;;;;;;;
125;163;Аннино;15072;Z;# Бульвар Дмитрия Донского;1;5;11;12;8;3;13;;;;;;;;;;
125;163;Аннино;15074;Z;# Бульвар Дмитрия Донского;1;5;11;8;20;13;;;;;;;;;;;
125;163;Аннино;15076;Z;# Бульвар Дмитрия Донского;1;5;11;12;7;20;13;;;;;;;;;;
126;1;Улица Подбельского;19780;A;# Черкизовская;3;5;10;3;13;;;;;;;;;;;;
126;1;Улица Подбельского;19790;A;# Черкизовская;3;5;11;3;13;;;;;;;;;;;;
126;1;Улица Подбельского;19800;Z;* Черкизовская;1;5;11;12;3;13;;;;;;;;;;;
126;1;Улица Подбельского;19810;Z;* Черкизовская;1;5;11;14;3;13;;;;;;;;;;;
126;1;Улица Подбельского;19910;Z;* Черкизовская;1;5;11;7;3;13;;;;;;;;;;;
127;2;Черкизовская;20090;A;* Улица Подбельского;3;5;10;7;3;13;;;;;;;;;;;
127;2;Черкизовская;20100;A;* Улица Подбельского;3;5;10;8;3;13;;;;;;;;;;;
127;2;Черкизовская;20111;Z;# Улица Подбельского;1;8;5;6;13;;;;;;;;;;;;
128;3;Преображенская площадь;18550;Z;# Черкизовская;3;11;8;3;13;;;;;;;;;;;;
128;3;Преображенская площадь;18560;Z;# Черкизовская;3;11;7;3;13;;;;;;;;;;;;
128;3;Преображенская площадь;18561;Z;# Черкизовская;3;18;3;13;;;;;;;;;;;;;
128;3;Преображенская площадь;18562;Z;# Черкизовская;3;10;12;7;3;13;;;;;;;;;;;
128;3;Преображенская площадь;18563;Z;# Черкизовская;3;10;12;3;13;;;;;;;;;;;;
128;3;Преображенская площадь;18564;Z;# Черкизовская;3;10;12;8;8;3;13;;;;;;;;;;
128;3;Преображенская площадь;18565;Z;# Черкизовская;3;10;12;8;7;3;13;;;;;;;;;;
128;3;Преображенская площадь;18570;A;* Черкизовская;3;10;7;3;13;;;;;;;;;;;;
128;3;Преображенская площадь;18580;A;* Черкизовская;3;11;12;7;3;13;;;;;;;;;;;
128;3;Преображенская площадь;18590;A;* Черкизовская;3;10;8;3;13;;;;;;;;;;;;
128;3;Преображенская площадь;18600;A;* Черкизовская;3;11;12;8;3;13;;;;;;;;;;;
128;3;Преображенская площадь;18601;A;* Черкизовская;3;11;15;3;13;;;;;;;;;;;;
128;3;Преображенская площадь;18602;A;* Черкизовская;3;11;8;3;13;;;;;;;;;;;;
129;4;Сокольники;19200;M;;3;5;8;3;6;13;;;;;;;;;;;
129;4;Сокольники;19210;M;;3;9;7;3;6;13;;;;;;;;;;;
130;5;Красносельская;16770;Z;# Сокольники;3;7;3;6;13;;;;;;;;;;;;
131;7;Красные ворота;16780;# Комсомольская;* Чистые пруды;1;8;3;6;13;;;;;;;;;;;;
131;7;Красные ворота;16791;# Чистые пруды;* Комсомольская;1;1;7;6;13;;;;;;;;;;;;
132;9;Лубянка;17080;# Чистые пруды;* Охотный ряд;1;5;12;7;3;6;13;;;;;;;;;;
132;9;Лубянка;17090;# Охотный ряд;* Чистые пруды;1;7;1;10;7;12;8;3;13;;;;;;;;
132;9;Лубянка;17100;# Охотный ряд;* Чистые пруды;1;7;1;10;7;15;3;13;;;;;;;;;
132;9;Лубянка;17110;# Охотный ряд;* Чистые пруды;1;7;1;10;7;8;3;13;;;;;;;;;
132;9;Лубянка;17120;# Охотный ряд;* Чистые пруды;1;7;1;11;8;3;13;;;;;;;;;;
132;9;Лубянка;17130;# Охотный ряд;* Чистые пруды;1;7;1;10;8;3;13;;;;;;;;;;
132;9;Лубянка;17140;# Охотный ряд;* Чистые пруды;1;7;1;11;7;3;13;;;;;;;;;;
132;9;Лубянка;17150;# Охотный ряд;* Чистые пруды;1;7;1;10;7;12;7;3;13;;;;;;;;
132;9;Лубянка;17160;# Охотный ряд;* Чистые пруды;1;7;1;10;9;3;13;;;;;;;;;;
132;118;Кузнецкий мост;16910;# Китай-город;* Пушкинская;1;6;13;;;;;;;;;;;;;;
133;12;Кропоткинская;16810;# Парк культуры;* Библиотека им. Ленина;3;5;7;10;3;13;;;;;;;;;;;
133;12;Кропоткинская;16811;# Парк культуры;* Библиотека им. Ленина;3;5;7;18;4;13;;;;;;;;;;;
133;12;Кропоткинская;16821;# Библиотека им. Ленина;* Парк культуры;3;5;3;6;13;;;;;;;;;;;;
134;14;Фрунзенская;20010;Z;# Спортивная;1;6;13;;;;;;;;;;;;;;
135;15;Спортивная;19220;A;* Воробьевы горы;1;6;13;;;;;;;;;;;;;;
135;15;Спортивная;19230;Z;# Воробьевы горы;1;8;6;13;;;;;;;;;;;;;
136;16;Воробьевы горы;15820;A;* Спортивная;5;7;4;8;11;4;13;;;;;;;;;;
136;16;Воробьевы горы;15830;Z;# Спортивная;4;2;5;8;6;13;;;;;;;;;;;
136;16;Воробьевы горы;15840;Z;# Спортивная;4;2;5;7;6;13;;;;;;;;;;;
136;16;Воробьевы горы;15850;A;* Спортивная;5;7;4;8;11;3;13;;;;;;;;;;
136;16;Воробьевы горы;15851;A;* Спортивная;5;1;18;3;13;;;;;;;;;;;;
137;17;Университет;19950;M;;3;1;8;6;13;;;;;;;;;;;;
137;17;Университет;19960;Z;# Проспект Вернадского;1;8;6;13;;;;;;;;;;;;;
138;18;Проспект Вернадского;18670;A;* Юго-Западная;3;5;11;8;3;13;;;;;;;;;;;
138;18;Проспект Вернадского;18680;A;* Юго-Западная;3;5;11;7;3;13;;;;;;;;;;;
138;18;Проспект Вернадского;18690;A;* Юго-Западная;3;5;10;8;3;13;;;;;;;;;;;
138;18;Проспект Вернадского;18700;A;* Юго-Западная;3;5;10;7;3;13;;;;;;;;;;;
138;18;Проспект Вернадского;18710;A;* Юго-Западная;3;5;10;12;7;3;13;;;;;;;;;;
138;18;Проспект Вернадского;18720;A;* Юго-Западная;3;5;10;12;8;3;13;;;;;;;;;;
138;18;Проспект Вернадского;18730;Z;# Юго-Западная;3;5;11;13;;;;;;;;;;;;;
138;18;Проспект Вернадского;18731;Z;# Юго-Западная;3;5;10;4;13;;;;;;;;;;;;
139;19;Юго-Западная;20360;A;# Проспект Вернадского;3;5;11;8;3;13;;;;;;;;;;;
139;19;Юго-Западная;20370;A;# Проспект Вернадского;3;5;11;7;3;13;;;;;;;;;;;
139;19;Юго-Западная;20380;A;# Проспект Вернадского;3;5;10;7;3;13;;;;;;;;;;;
139;19;Юго-Западная;20390;Z;* Проспект Вернадского;3;10;8;3;13;;;;;;;;;;;;
139;19;Юго-Западная;20400;Z;* Проспект Вернадского;3;10;7;3;13;;;;;;;;;;;;
139;19;Юго-Западная;20410;Z;* Проспект Вернадского;3;11;8;3;13;;;;;;;;;;;;
139;19;Юго-Западная;20420;Z;* Проспект Вернадского;3;11;7;3;13;;;;;;;;;;;;
139;19;Юго-Западная;20430;A;# Проспект Вернадского;3;5;10;8;3;13;;;;;;;;;;;
140;128;Планерная;18330;A;# Сходненская;1;5;6;13;;;;;;;;;;;;;
140;128;Планерная;18340;Z;* Сходненская;1;6;13;;;;;;;;;;;;;;
141;127;Сходненская;19330;A;* Планерная;1;10;9;3;13;;;;;;;;;;;;
141;127;Сходненская;19340;A;* Планерная;1;10;7;3;13;;;;;;;;;;;;
141;127;Сходненская;19350;Z;# Планерная;3;11;7;3;13;;;;;;;;;;;;
141;127;Сходненская;19360;Z;# Планерная;3;11;8;3;13;;;;;;;;;;;;
141;127;Сходненская;19370;A;* Планерная;1;11;9;3;13;;;;;;;;;;;;
141;127;Сходненская;19380;A;* Планерная;1;11;8;3;13;;;;;;;;;;;;
141;127;Сходненская;19390;Z;# Планерная;3;10;8;9;3;13;;;;;;;;;;;
141;127;Сходненская;19400;Z;# Планерная;3;10;7;3;13;;;;;;;;;;;;
141;127;Сходненская;19410;Z;# Планерная;3;10;8;7;3;13;;;;;;;;;;;
142;126;Тушинская;19700;Z;# Сходненская;3;11;8;3;13;;;;;;;;;;;;
142;126;Тушинская;19710;Z;# Сходненская;3;10;7;3;13;;;;;;;;;;;;
142;126;Тушинская;19720;A;* Сходненская;1;11;7;3;6;13;;;;;;;;;;;
142;126;Тушинская;19722;A;# Сходненская;1;10;8;3;6;13;;;;;;;;;;;
142;126;Тушинская;19730;A;# Сходненская;1;11;8;12;7;3;13;;;;;;;;;;
142;126;Тушинская;19732;A;# Сходненская;1;11;8;7;3;13;;;;;;;;;;;
143;125;Щукинская;20310;A;* Тушинская;3;5;10;7;3;13;;;;;;;;;;;
143;125;Щукинская;20320;A;* Тушинская;3;5;11;8;3;13;;;;;;;;;;;
143;125;Щукинская;20330;Z;# Тушинская;1;5;11;7;3;13;;;;;;;;;;;
143;125;Щукинская;20340;Z;# Тушинская;1;5;10;8;3;13;;;;;;;;;;;
144;124;Октябрьское поле;17840;A;* Щукинская;3;10;8;3;13;;;;;;;;;;;;
144;124;Октябрьское поле;17850;A;* Щукинская;3;10;7;3;13;;;;;;;;;;;;
144;124;Октябрьское поле;17860;A;* Щукинская;3;11;7;3;13;;;;;;;;;;;;
144;124;Октябрьское поле;17870;A;* Щукинская;3;11;8;3;13;;;;;;;;;;;;
144;124;Октябрьское поле;17880;Z;# Щукинская;3;11;7;3;13;;;;;;;;;;;;
144;124;Октябрьское поле;17890;Z;# Щукинская;3;11;8;3;13;;;;;;;;;;;;
144;124;Октябрьское поле;17900;Z;# Щукинская;3;10;8;3;13;;;;;;;;;;;;
144;124;Октябрьское поле;17910;Z;# Щукинская;3;10;7;3;13;;;;;;;;;;;;
145;123;Полежаевская;18380;A;* Октябрьское поле;3;5;11;8;8;3;13;;;;;;;;;;
145;123;Полежаевская;18390;A;* Октябрьское поле;3;5;11;8;7;3;13;;;;;;;;;;
145;123;Полежаевская;18400;A;* Октябрьское поле;3;5;10;7;3;13;;;;;;;;;;;
145;123;Полежаевская;18410;A;* Октябрьское поле;3;5;11;7;8;3;13;;;;;;;;;;
145;123;Полежаевская;18420;Z;# Октябрьское поле;1;5;11;7;3;13;;;;;;;;;;;
145;123;Полежаевская;18430;Z;# Октябрьское поле;1;5;10;3;7;3;13;;;;;;;;;;
145;123;Полежаевская;18440;Z;# Октябрьское поле;1;5;10;3;8;3;13;;;;;;;;;;
145;123;Полежаевская;18450;Z;# Октябрьское поле;1;5;11;8;3;13;;;;;;;;;;;
146;122;Беговая;15210;A;* Полежаевская;1;10;7;3;13;;;;;;;;;;;;
146;122;Беговая;15220;A;* Полежаевская;1;11;8;3;13;;;;;;;;;;;;
146;122;Беговая;15230;Z;# Полежаевская;1;11;4;8;3;6;3;13;;;;;;;;;
146;122;Беговая;15232;Z;# Полежаевская;1;11;4;9;4;8;3;13;;;;;;;;;
146;122;Беговая;15234;Z;# Полежаевская;1;11;4;7;20;13;;;;;;;;;;;
146;122;Беговая;15240;Z;# Полежаевская;1;10;20;7;3;13;;;;;;;;;;;
147;121;Улица 1905 года;19750;A;* Беговая;3;5;10;8;3;13;;;;;;;;;;;
147;121;Улица 1905 года;19760;A;* Беговая;3;5;10;7;3;13;;;;;;;;;;;
147;121;Улица 1905 года;19820;Z;# Беговая;1;8;6;13;;;;;;;;;;;;;
148;114;Волгоградский проспект;15740;Z;# Текстильщики;3;8;5;11;3;13;;;;;;;;;;;
148;114;Волгоградский проспект;15741;A;* Текстильщики;3;7;5;11;8;3;13;;;;;;;;;;
148;114;Волгоградский проспект;15750;Z;# Текстильщики;3;8;5;10;3;13;;;;;;;;;;;
148;114;Волгоградский проспект;15751;A;* Текстильщики;3;7;5;10;3;13;;;;;;;;;;;
149;113;Текстильщики;19490;Z;# Кузьминки;3;8;5;7;12;6;3;13;;;;;;;;;
149;113;Текстильщики;19500;A;* Кузьминки;1;8;6;12;8;3;13;;;;;;;;;;
149;113;Текстильщики;19510;A;* Кузьминки;1;8;6;7;3;13;;;;;;;;;;;
149;113;Текстильщики;19520;Z;# Кузьминки;3;8;5;1;6;13;;;;;;;;;;;
149;113;Текстильщики;19530;A;* Кузьминки;1;8;6;12;7;3;13;;;;;;;;;;
149;113;Текстильщики;19540;A;* Кузьминки;1;8;6;8;3;13;;;;;;;;;;;
149;113;Текстильщики;19550;Z;# Кузьминки;3;8;5;7;15;3;6;13;;;;;;;;;
150;112;Кузьминки;16920;Z;# Рязанский проспект;3;5;10;7;3;6;13;;;;;;;;;;
150;112;Кузьминки;16922;Z;# Рязанский проспект;3;5;10;8;3;6;13;;;;;;;;;;
150;112;Кузьминки;16930;Z;# Рязанский проспект;3;5;11;8;3;6;13;;;;;;;;;;
150;112;Кузьминки;16932;Z;# Рязанский проспект;3;5;11;7;3;6;13;;;;;;;;;;
150;112;Кузьминки;16940;A;* Рязанский проспект;1;5;11;7;3;6;13;;;;;;;;;;
150;112;Кузьминки;16942;A;* Рязанский проспект;1;5;11;8;3;6;13;;;;;;;;;;
150;112;Кузьминки;16950;A;* Рязанский проспект;1;5;10;8;3;6;13;;;;;;;;;;
150;112;Кузьминки;16952;A;* Рязанский проспект;1;5;10;7;3;6;13;;;;;;;;;;
151;111;Рязанский проспект;18930;Z;# Выхино;1;8;5;6;13;;;;;;;;;;;;
151;111;Рязанский проспект;18940;A;* Выхино;1;7;5;6;13;;;;;;;;;;;;
152;110;Выхино;15890;A;# Рязанский проспект;5;4;13;;;;;;;;;;;;;;от ст. Лермонтовский проспект - выход в сторону соседней платформы
152;110;Выхино;15894;A;* Лермонтовский проспект;5;7;4;7;12;13;;;;;;;;;;;от ст. Рязанский проспект - выход в сторону соседней платформы
152;110;Выхино;15900;Z;* Рязанский проспект;5;4;13;;;;;;;;;;;;;;от ст. Лермонтовский проспект - выход в сторону соседней платформы
152;110;Выхино;15904;Z;# Лермонтовский проспект;5;4;7;12;8;3;13;;;;;;;;;;от ст. Рязанский проспект - выход в сторону соседней платформы
152;110;Выхино;15906;Z;# Лермонтовский проспект;5;4;7;12;7;3;13;;;;;;;;;;от ст. Рязанский проспект - выход в сторону соседней платформы
153;228;Лермонтовский проспект;20630;Z;# Жулебино;3;8;5;11;12;7;3;6;13;;;;;;;;
153;228;Лермонтовский проспект;20640;Z;# Жулебино;3;8;5;11;12;8;3;6;13;;;;;;;;
153;228;Лермонтовский проспект;20650;A;* Жулебино;3;5;10;12;7;3;13;;;;;;;;;;
154;229;Жулебино;20660;Z;* Лермонтовский проспект;1;8;5;11;12;7;3;6;13;;;;;;;;
154;229;Жулебино;20670;Z;* Лермонтовский проспект;1;8;5;11;12;8;3;6;13;;;;;;;;
154;229;Жулебино;20680;A;# Лермонтовский проспект;3;5;10;3;12;8;3;6;13;;;;;;;;
154;229;Жулебино;20690;A;# Лермонтовский проспект;3;5;10;3;12;7;3;6;13;;;;;;;;
154;229;Жулебино;20700;A;# Лермонтовский проспект;3;5;10;3;8;12;3;6;13;;;;;;;;
155;231;Лесопарковая;20800;# Битцевский парк;* Улица Старокачаловская;3;5;6;3;13;;;;;;;;;;;;
